1;[136, 504, 331, 599];car;3
2;[586, 640, 808, 719];car;3
3;[410, 608, 651, 713];car;3
4;[904, 331, 973, 394];car;3
5;[1225, 391, 1280, 454];car;3
6;[72, 397, 163, 460];motorbike;3
1;[136, 504, 331, 599];car;4
2;[587, 641, 807, 719];car;4
3;[410, 608, 651, 713];car;4
4;[904, 331, 972, 393];car;4
5;[1224, 391, 1279, 454];car;4
6;[73, 396, 163, 460];motorbike;4
1;[135, 504, 330, 599];car;5
2;[587, 641, 806, 718];car;5
3;[409, 608, 650, 713];car;5
4;[904, 331, 972, 393];car;5
5;[1224, 391, 1279, 454];car;5
6;[72, 396, 163, 460];motorbike;5
1;[133, 504, 329, 599];car;6
2;[586, 641, 807, 719];car;6
3;[409, 608, 650, 713];car;6
4;[896, 325, 970, 392];car;6
5;[1224, 392, 1278, 454];car;6
6;[72, 396, 162, 460];motorbike;6
1;[132, 503, 329, 599];car;7
2;[586, 641, 807, 719];car;7
3;[408, 608, 649, 713];car;7
4;[893, 323, 969, 391];car;7
5;[1224, 393, 1278, 454];car;7
6;[70, 394, 163, 459];motorbike;7
1;[132, 503, 329, 600];car;8
2;[585, 641, 807, 718];car;8
3;[408, 608, 649, 713];car;8
4;[893, 325, 969, 393];car;8
5;[1224, 393, 1278, 454];car;8
6;[70, 394, 162, 459];motorbike;8
1;[132, 503, 329, 600];car;9
2;[586, 640, 807, 719];car;9
3;[408, 608, 649, 713];car;9
4;[892, 323, 969, 392];car;9
5;[1223, 395, 1275, 454];car;9
6;[69, 394, 163, 459];motorbike;9
1;[133, 504, 328, 599];car;10
2;[586, 640, 807, 719];car;10
3;[408, 608, 649, 713];car;10
4;[892, 322, 969, 392];car;10
5;[1222, 396, 1274, 453];car;10
6;[69, 394, 163, 460];motorbike;10
1;[134, 504, 328, 599];car;11
2;[585, 640, 807, 718];car;11
3;[409, 608, 649, 713];car;11
4;[891, 321, 971, 392];car;11
5;[1222, 396, 1275, 453];car;11
6;[70, 396, 161, 460];motorbike;11
1;[134, 504, 329, 599];car;12
2;[586, 640, 807, 718];car;12
3;[408, 608, 649, 713];car;12
4;[890, 321, 971, 392];car;12
5;[1221, 395, 1275, 453];car;12
6;[72, 397, 161, 460];motorbike;12
1;[135, 504, 330, 599];car;13
2;[587, 640, 808, 718];car;13
3;[409, 608, 650, 713];car;13
4;[891, 322, 971, 392];car;13
5;[1221, 396, 1274, 453];car;13
6;[73, 398, 161, 460];motorbike;13
1;[136, 504, 330, 598];car;14
2;[588, 641, 807, 719];car;14
3;[410, 608, 651, 712];car;14
4;[898, 327, 973, 393];car;14
6;[72, 398, 162, 460];motorbike;14
1;[136, 504, 330, 598];car;15
2;[588, 641, 807, 719];car;15
3;[410, 608, 651, 712];car;15
4;[901, 329, 974, 393];car;15
6;[72, 397, 162, 460];motorbike;15
1;[136, 504, 330, 598];car;16
2;[588, 641, 807, 719];car;16
3;[410, 608, 651, 713];car;16
4;[902, 330, 974, 393];car;16
6;[71, 397, 163, 461];motorbike;16
1;[135, 504, 330, 598];car;17
2;[588, 642, 807, 719];car;17
3;[410, 607, 651, 712];car;17
4;[902, 331, 974, 393];car;17
6;[71, 397, 162, 461];motorbike;17
7;[1217, 422, 1277, 486];car;17
1;[136, 503, 330, 598];car;18
2;[587, 641, 807, 719];car;18
3;[410, 607, 651, 713];car;18
4;[896, 329, 971, 394];car;18
6;[72, 397, 162, 460];motorbike;18
7;[1213, 418, 1276, 486];car;18
1;[135, 504, 330, 598];car;19
2;[587, 641, 808, 719];car;19
3;[410, 607, 651, 713];car;19
4;[894, 328, 971, 394];car;19
6;[71, 396, 163, 460];motorbike;19
7;[1207, 417, 1273, 487];car;19
1;[135, 504, 330, 598];car;20
2;[588, 641, 807, 719];car;20
3;[410, 607, 651, 713];car;20
4;[899, 330, 973, 394];car;20
6;[71, 395, 164, 460];motorbike;20
7;[1202, 415, 1270, 486];car;20
1;[135, 503, 330, 598];car;21
2;[587, 641, 807, 719];car;21
3;[410, 607, 651, 713];car;21
4;[900, 330, 974, 394];car;21
6;[70, 394, 165, 460];motorbike;21
7;[1199, 416, 1269, 487];car;21
1;[135, 504, 330, 598];car;22
2;[587, 641, 807, 719];car;22
3;[410, 607, 652, 713];car;22
4;[901, 330, 975, 394];car;22
6;[70, 394, 165, 461];motorbike;22
7;[1196, 413, 1269, 485];car;22
1;[135, 504, 330, 598];car;23
2;[588, 641, 807, 718];car;23
3;[410, 607, 652, 713];car;23
4;[901, 330, 975, 394];car;23
6;[69, 393, 166, 461];motorbike;23
7;[1195, 410, 1270, 484];car;23
1;[135, 503, 330, 598];car;24
2;[588, 641, 807, 719];car;24
3;[410, 607, 652, 713];car;24
4;[902, 330, 975, 394];car;24
6;[70, 394, 164, 461];motorbike;24
7;[1181, 408, 1261, 482];car;24
1;[135, 504, 330, 598];car;25
2;[588, 642, 806, 719];car;25
3;[410, 607, 653, 713];car;25
4;[902, 330, 974, 394];car;25
6;[70, 394, 164, 461];motorbike;25
7;[1174, 405, 1256, 478];car;25
1;[135, 504, 330, 598];car;26
2;[588, 642, 806, 719];car;26
3;[410, 607, 652, 713];car;26
4;[901, 330, 974, 394];car;26
6;[71, 395, 163, 461];motorbike;26
7;[1167, 403, 1255, 477];car;26
1;[135, 503, 330, 598];car;27
2;[588, 642, 806, 719];car;27
3;[410, 607, 652, 713];car;27
4;[896, 328, 971, 394];car;27
6;[70, 395, 163, 462];motorbike;27
7;[1163, 403, 1255, 476];car;27
1;[135, 504, 330, 598];car;28
2;[588, 642, 806, 719];car;28
3;[410, 607, 652, 713];car;28
4;[896, 328, 971, 394];car;28
6;[71, 394, 163, 462];motorbike;28
7;[1155, 402, 1253, 476];car;28
1;[135, 504, 331, 599];car;29
2;[588, 642, 807, 719];car;29
3;[410, 607, 652, 713];car;29
4;[901, 331, 974, 395];car;29
6;[72, 396, 161, 461];motorbike;29
7;[1146, 402, 1248, 475];car;29
1;[136, 504, 330, 599];car;30
2;[588, 642, 806, 718];car;30
3;[411, 608, 651, 713];car;30
4;[902, 331, 974, 395];car;30
6;[72, 395, 162, 461];motorbike;30
7;[1138, 400, 1244, 473];car;30
1;[136, 504, 330, 599];car;31
2;[588, 642, 807, 719];car;31
3;[411, 608, 651, 712];car;31
4;[902, 331, 975, 395];car;31
6;[74, 397, 161, 461];motorbike;31
7;[1132, 401, 1239, 472];car;31
1;[135, 503, 330, 599];car;32
2;[588, 642, 806, 719];car;32
3;[410, 608, 651, 712];car;32
4;[902, 331, 974, 395];car;32
6;[73, 397, 161, 461];motorbike;32
7;[1124, 401, 1231, 469];car;32
1;[135, 503, 330, 599];car;33
2;[588, 642, 806, 719];car;33
3;[410, 608, 651, 712];car;33
4;[902, 332, 974, 395];car;33
6;[74, 397, 161, 460];motorbike;33
7;[1116, 400, 1226, 466];car;33
8;[1248, 391, 1278, 454];car;33
1;[135, 503, 330, 598];car;34
2;[588, 642, 807, 718];car;34
3;[410, 608, 652, 712];car;34
4;[903, 331, 974, 394];car;34
6;[74, 397, 161, 460];motorbike;34
7;[1111, 399, 1221, 463];car;34
8;[1247, 390, 1277, 453];car;34
1;[135, 503, 330, 598];car;35
2;[588, 642, 806, 719];car;35
3;[410, 607, 652, 712];car;35
4;[903, 331, 974, 394];car;35
6;[73, 397, 160, 460];motorbike;35
7;[1102, 399, 1216, 463];car;35
8;[1246, 390, 1277, 454];car;35
1;[135, 504, 330, 598];car;36
2;[587, 641, 808, 719];car;36
3;[410, 607, 652, 712];car;36
6;[73, 397, 160, 460];motorbike;36
7;[1090, 398, 1210, 464];car;36
8;[1245, 391, 1276, 454];car;36
1;[136, 504, 330, 598];car;37
2;[587, 641, 808, 719];car;37
3;[410, 607, 652, 712];car;37
6;[73, 398, 160, 460];motorbike;37
7;[1079, 396, 1206, 464];car;37
8;[1244, 391, 1276, 455];car;37
1;[136, 504, 330, 598];car;38
2;[587, 641, 808, 718];car;38
3;[410, 607, 652, 712];car;38
6;[73, 396, 161, 460];motorbike;38
7;[1069, 395, 1201, 465];car;38
8;[1243, 390, 1276, 455];car;38
1;[136, 504, 330, 598];car;39
2;[587, 640, 808, 718];car;39
3;[410, 607, 652, 712];car;39
6;[73, 396, 161, 460];motorbike;39
7;[1057, 394, 1188, 463];car;39
8;[1243, 390, 1276, 455];car;39
1;[135, 504, 330, 598];car;40
2;[587, 640, 808, 718];car;40
3;[410, 607, 652, 712];car;40
6;[72, 396, 162, 460];motorbike;40
7;[1049, 393, 1180, 462];car;40
8;[1243, 390, 1277, 455];car;40
1;[135, 504, 330, 598];car;41
2;[587, 640, 808, 719];car;41
3;[410, 607, 652, 712];car;41
6;[73, 396, 161, 460];motorbike;41
7;[1043, 392, 1175, 461];car;41
8;[1243, 390, 1277, 455];car;41
1;[135, 504, 330, 598];car;42
2;[587, 640, 808, 719];car;42
3;[409, 607, 652, 713];car;42
6;[73, 397, 161, 460];motorbike;42
7;[1036, 391, 1169, 459];car;42
8;[1243, 390, 1277, 455];car;42
1;[135, 504, 330, 598];car;43
2;[587, 640, 808, 719];car;43
3;[409, 607, 652, 713];car;43
4;[899, 328, 975, 394];car;43
6;[73, 397, 161, 460];motorbike;43
7;[1031, 391, 1161, 456];car;43
8;[1243, 390, 1278, 455];car;43
1;[135, 504, 330, 598];car;44
2;[587, 640, 808, 719];car;44
3;[409, 607, 652, 713];car;44
4;[899, 327, 976, 394];car;44
6;[73, 396, 161, 460];motorbike;44
7;[1026, 390, 1152, 453];car;44
8;[1243, 391, 1277, 455];car;44
1;[135, 504, 330, 598];car;45
2;[587, 640, 808, 719];car;45
3;[409, 607, 652, 714];car;45
4;[898, 327, 976, 395];car;45
6;[73, 396, 162, 460];motorbike;45
7;[1018, 388, 1149, 451];car;45
8;[1242, 391, 1277, 455];car;45
1;[135, 504, 330, 598];car;46
2;[587, 640, 807, 718];car;46
3;[409, 607, 652, 714];car;46
6;[71, 394, 164, 461];motorbike;46
7;[1010, 387, 1142, 450];car;46
8;[1242, 391, 1278, 455];car;46
1;[134, 504, 330, 598];car;47
2;[587, 640, 808, 719];car;47
3;[409, 607, 652, 714];car;47
6;[71, 394, 163, 461];motorbike;47
7;[1002, 386, 1135, 449];car;47
8;[1242, 390, 1278, 455];car;47
1;[135, 504, 329, 598];car;48
2;[587, 640, 808, 719];car;48
3;[410, 607, 652, 714];car;48
5;[1223, 391, 1281, 453];car;48
6;[71, 394, 163, 461];motorbike;48
7;[994, 385, 1130, 449];car;48
8;[1242, 390, 1278, 455];car;48
1;[135, 504, 330, 598];car;49
2;[587, 640, 808, 719];car;49
3;[410, 607, 652, 713];car;49
5;[1223, 390, 1281, 454];car;49
6;[72, 393, 164, 462];motorbike;49
7;[987, 384, 1125, 449];car;49
8;[1242, 390, 1278, 455];car;49
1;[135, 504, 331, 598];car;50
2;[587, 640, 808, 719];car;50
3;[410, 607, 652, 713];car;50
4;[899, 328, 975, 395];car;50
5;[1224, 390, 1281, 454];car;50
6;[72, 393, 165, 462];motorbike;50
7;[978, 383, 1119, 449];car;50
8;[1242, 390, 1278, 455];car;50
1;[135, 504, 330, 598];car;51
2;[587, 640, 808, 719];car;51
3;[410, 607, 652, 713];car;51
4;[899, 328, 975, 395];car;51
5;[1223, 390, 1280, 454];car;51
6;[72, 393, 164, 462];motorbike;51
7;[968, 380, 1114, 448];car;51
1;[135, 504, 330, 598];car;52
2;[588, 640, 808, 719];car;52
3;[411, 607, 652, 712];car;52
5;[1223, 391, 1280, 454];car;52
6;[73, 393, 164, 462];motorbike;52
7;[962, 379, 1109, 447];car;52
1;[135, 503, 330, 598];car;53
2;[588, 640, 808, 719];car;53
3;[411, 607, 652, 712];car;53
5;[1224, 391, 1280, 454];car;53
6;[73, 394, 163, 461];motorbike;53
7;[955, 377, 1101, 446];car;53
1;[135, 503, 330, 598];car;54
2;[587, 640, 808, 719];car;54
3;[411, 607, 652, 712];car;54
5;[1224, 391, 1280, 454];car;54
6;[73, 394, 162, 461];motorbike;54
7;[949, 376, 1094, 444];car;54
1;[135, 503, 330, 598];car;55
2;[587, 640, 808, 718];car;55
3;[410, 607, 652, 712];car;55
5;[1222, 394, 1276, 453];car;55
6;[73, 395, 161, 461];motorbike;55
7;[943, 376, 1085, 443];car;55
1;[135, 503, 330, 598];car;56
2;[587, 640, 808, 719];car;56
3;[411, 607, 652, 712];car;56
5;[1222, 394, 1276, 453];car;56
6;[73, 395, 162, 460];motorbike;56
7;[937, 375, 1078, 442];car;56
8;[1242, 391, 1278, 455];car;56
1;[135, 503, 330, 598];car;57
2;[587, 640, 808, 719];car;57
3;[411, 607, 652, 712];car;57
6;[73, 395, 162, 460];motorbike;57
7;[931, 374, 1070, 440];car;57
8;[1242, 391, 1278, 455];car;57
1;[135, 503, 330, 598];car;58
2;[587, 640, 808, 718];car;58
3;[410, 607, 652, 712];car;58
6;[73, 395, 163, 461];motorbike;58
7;[925, 373, 1063, 438];car;58
8;[1242, 392, 1278, 455];car;58
1;[134, 503, 330, 598];car;59
2;[588, 641, 806, 718];car;59
3;[410, 607, 652, 713];car;59
5;[1223, 392, 1280, 453];car;59
6;[74, 397, 161, 461];motorbike;59
7;[918, 372, 1058, 437];car;59
8;[1242, 392, 1278, 455];car;59
1;[134, 503, 330, 598];car;60
2;[588, 641, 806, 718];car;60
3;[410, 607, 652, 713];car;60
5;[1224, 392, 1280, 453];car;60
6;[74, 398, 160, 461];motorbike;60
7;[911, 371, 1051, 436];car;60
1;[134, 503, 330, 598];car;61
2;[589, 641, 806, 718];car;61
3;[410, 607, 652, 713];car;61
5;[1224, 392, 1280, 454];car;61
6;[73, 397, 161, 461];motorbike;61
7;[905, 369, 1044, 434];car;61
1;[135, 503, 330, 598];car;62
2;[588, 642, 806, 719];car;62
3;[411, 607, 652, 713];car;62
5;[1229, 391, 1284, 454];car;62
6;[73, 397, 161, 461];motorbike;62
7;[900, 368, 1039, 433];car;62
1;[135, 503, 330, 598];car;63
2;[588, 642, 806, 719];car;63
3;[411, 607, 652, 713];car;63
5;[1227, 391, 1282, 454];car;63
6;[73, 397, 160, 461];motorbike;63
7;[895, 367, 1034, 432];car;63
1;[135, 503, 331, 598];car;64
2;[589, 642, 806, 719];car;64
3;[411, 607, 652, 712];car;64
5;[1226, 391, 1280, 454];car;64
6;[73, 397, 160, 461];motorbike;64
7;[893, 366, 1030, 431];car;64
1;[135, 503, 331, 598];car;65
2;[589, 642, 806, 719];car;65
3;[411, 607, 652, 712];car;65
5;[1226, 391, 1280, 454];car;65
6;[74, 397, 161, 460];motorbike;65
7;[892, 365, 1024, 429];car;65
1;[135, 503, 331, 598];car;66
2;[589, 642, 806, 719];car;66
3;[411, 607, 652, 712];car;66
5;[1230, 391, 1284, 454];car;66
6;[74, 397, 161, 460];motorbike;66
7;[889, 364, 1018, 428];car;66
1;[135, 503, 330, 598];car;67
2;[589, 642, 806, 719];car;67
3;[410, 607, 652, 712];car;67
5;[1227, 391, 1280, 454];car;67
6;[73, 396, 161, 460];motorbike;67
7;[886, 363, 1013, 426];car;67
1;[135, 503, 330, 598];car;68
2;[589, 642, 807, 719];car;68
3;[410, 607, 652, 712];car;68
5;[1225, 391, 1279, 454];car;68
6;[73, 396, 161, 460];motorbike;68
7;[883, 362, 1008, 425];car;68
1;[135, 503, 331, 598];car;69
2;[589, 642, 807, 719];car;69
3;[410, 607, 652, 712];car;69
5;[1225, 391, 1279, 454];car;69
6;[73, 395, 161, 460];motorbike;69
7;[880, 361, 1002, 424];car;69
1;[135, 503, 330, 598];car;70
2;[589, 642, 807, 719];car;70
3;[411, 607, 652, 712];car;70
5;[1225, 391, 1279, 454];car;70
6;[73, 395, 161, 460];motorbike;70
7;[877, 360, 998, 424];car;70
1;[135, 503, 330, 598];car;71
2;[588, 642, 807, 719];car;71
3;[411, 607, 652, 712];car;71
5;[1225, 391, 1279, 454];car;71
6;[73, 394, 161, 460];motorbike;71
7;[876, 358, 996, 423];car;71
1;[135, 503, 330, 598];car;72
2;[587, 641, 808, 718];car;72
3;[411, 607, 652, 712];car;72
5;[1225, 391, 1280, 453];car;72
6;[73, 396, 161, 460];motorbike;72
7;[874, 357, 989, 422];car;72
1;[135, 503, 330, 598];car;73
2;[587, 641, 808, 719];car;73
3;[411, 607, 652, 712];car;73
5;[1225, 391, 1279, 453];car;73
6;[74, 395, 162, 460];motorbike;73
7;[874, 356, 984, 421];car;73
1;[135, 503, 330, 598];car;74
2;[587, 641, 808, 718];car;74
3;[410, 607, 652, 712];car;74
5;[1226, 391, 1279, 453];car;74
6;[73, 395, 162, 460];motorbike;74
7;[876, 356, 978, 419];car;74
1;[134, 503, 330, 598];car;75
2;[587, 640, 807, 719];car;75
3;[410, 607, 652, 712];car;75
5;[1226, 391, 1279, 453];car;75
6;[72, 393, 163, 461];motorbike;75
7;[874, 356, 971, 418];car;75
1;[135, 503, 330, 598];car;76
2;[587, 640, 807, 719];car;76
3;[410, 607, 652, 712];car;76
5;[1225, 391, 1279, 453];car;76
6;[73, 394, 163, 461];motorbike;76
7;[873, 354, 965, 416];car;76
1;[135, 503, 330, 598];car;77
2;[587, 640, 808, 719];car;77
3;[410, 607, 652, 712];car;77
5;[1225, 391, 1279, 453];car;77
6;[72, 393, 164, 461];motorbike;77
7;[873, 354, 958, 414];car;77
1;[135, 503, 331, 598];car;78
2;[587, 640, 808, 719];car;78
3;[411, 607, 652, 712];car;78
5;[1225, 391, 1280, 453];car;78
6;[73, 393, 164, 461];motorbike;78
7;[869, 353, 954, 413];car;78
1;[135, 503, 331, 598];car;79
2;[587, 640, 807, 719];car;79
3;[410, 607, 652, 712];car;79
5;[1225, 391, 1280, 453];car;79
6;[73, 395, 162, 461];motorbike;79
1;[135, 503, 331, 598];car;80
2;[587, 640, 807, 719];car;80
3;[409, 607, 652, 712];car;80
5;[1225, 391, 1279, 453];car;80
6;[74, 395, 161, 461];motorbike;80
1;[135, 503, 331, 598];car;81
2;[588, 640, 807, 719];car;81
3;[410, 607, 652, 712];car;81
5;[1230, 391, 1283, 454];car;81
6;[73, 394, 163, 461];motorbike;81
1;[135, 503, 331, 598];car;82
2;[588, 640, 807, 718];car;82
3;[410, 607, 652, 712];car;82
5;[1228, 391, 1281, 454];car;82
6;[74, 394, 163, 461];motorbike;82
1;[136, 503, 330, 598];car;83
2;[588, 640, 807, 719];car;83
3;[410, 607, 652, 713];car;83
5;[1226, 391, 1279, 454];car;83
6;[75, 395, 163, 461];motorbike;83
1;[136, 503, 330, 598];car;84
2;[588, 640, 807, 719];car;84
3;[410, 607, 653, 713];car;84
5;[1226, 392, 1279, 454];car;84
6;[75, 395, 162, 461];motorbike;84
1;[136, 503, 330, 597];car;85
2;[587, 640, 807, 719];car;85
3;[410, 607, 653, 713];car;85
5;[1225, 392, 1279, 454];car;85
6;[74, 395, 162, 460];motorbike;85
1;[135, 503, 331, 598];car;86
2;[588, 641, 806, 719];car;86
3;[410, 607, 653, 713];car;86
4;[893, 327, 970, 394];car;86
5;[1225, 392, 1279, 453];car;86
6;[74, 396, 161, 460];motorbike;86
1;[135, 503, 330, 598];car;87
2;[588, 641, 806, 719];car;87
3;[410, 607, 653, 713];car;87
4;[893, 328, 970, 393];car;87
5;[1225, 392, 1279, 453];car;87
6;[73, 396, 162, 461];motorbike;87
1;[135, 503, 330, 598];car;88
2;[588, 641, 806, 719];car;88
3;[410, 607, 653, 713];car;88
4;[892, 328, 970, 393];car;88
5;[1230, 392, 1283, 454];car;88
6;[73, 396, 162, 461];motorbike;88
1;[136, 504, 329, 597];car;89
2;[588, 642, 806, 719];car;89
3;[410, 607, 652, 713];car;89
5;[1228, 392, 1281, 454];car;89
6;[73, 396, 160, 461];motorbike;89
1;[136, 504, 329, 597];car;90
2;[588, 642, 806, 719];car;90
3;[410, 607, 652, 713];car;90
4;[892, 328, 970, 393];car;90
5;[1232, 392, 1283, 454];car;90
6;[73, 396, 160, 461];motorbike;90
1;[134, 504, 330, 598];car;91
2;[588, 642, 806, 719];car;91
3;[410, 607, 652, 713];car;91
4;[892, 329, 970, 393];car;91
5;[1228, 392, 1280, 454];car;91
6;[73, 397, 160, 461];motorbike;91
1;[135, 504, 329, 598];car;92
2;[588, 642, 806, 719];car;92
3;[410, 607, 653, 713];car;92
5;[1227, 392, 1279, 454];car;92
6;[73, 397, 160, 461];motorbike;92
1;[135, 504, 330, 598];car;93
2;[588, 642, 806, 719];car;93
3;[410, 607, 653, 713];car;93
4;[899, 330, 975, 394];car;93
5;[1231, 392, 1283, 454];car;93
6;[74, 397, 161, 461];motorbike;93
1;[135, 505, 330, 598];car;94
2;[588, 642, 807, 719];car;94
3;[410, 607, 653, 713];car;94
4;[900, 330, 975, 394];car;94
5;[1228, 392, 1280, 454];car;94
6;[73, 397, 161, 461];motorbike;94
9;[713, 336, 788, 389];car;94
1;[135, 505, 330, 598];car;95
2;[588, 642, 807, 718];car;95
3;[410, 607, 653, 713];car;95
4;[901, 330, 975, 395];car;95
5;[1227, 392, 1278, 454];car;95
6;[74, 397, 161, 461];motorbike;95
9;[709, 334, 786, 389];car;95
1;[135, 505, 330, 599];car;96
2;[587, 641, 807, 719];car;96
3;[410, 607, 653, 713];car;96
4;[901, 330, 974, 395];car;96
5;[1226, 391, 1278, 454];car;96
6;[73, 397, 161, 461];motorbike;96
9;[703, 333, 783, 389];car;96
1;[135, 504, 330, 599];car;97
2;[587, 641, 807, 718];car;97
3;[410, 607, 653, 713];car;97
4;[902, 330, 974, 394];car;97
5;[1226, 392, 1277, 453];car;97
6;[73, 396, 162, 461];motorbike;97
9;[698, 331, 782, 390];car;97
1;[135, 504, 331, 599];car;98
2;[587, 641, 807, 719];car;98
3;[410, 607, 653, 713];car;98
4;[902, 330, 974, 394];car;98
5;[1226, 392, 1277, 453];car;98
6;[73, 396, 162, 460];motorbike;98
9;[691, 330, 780, 391];car;98
1;[135, 504, 331, 599];car;99
2;[587, 640, 807, 719];car;99
3;[410, 607, 653, 713];car;99
4;[902, 330, 973, 394];car;99
5;[1226, 392, 1278, 452];car;99
6;[73, 396, 162, 460];motorbike;99
9;[687, 329, 777, 391];car;99
1;[135, 503, 331, 599];car;100
2;[588, 641, 807, 719];car;100
3;[410, 607, 653, 713];car;100
4;[902, 330, 973, 393];car;100
5;[1225, 392, 1278, 452];car;100
6;[74, 397, 161, 460];motorbike;100
9;[683, 328, 774, 390];car;100
1;[135, 503, 331, 599];car;101
2;[588, 641, 807, 719];car;101
3;[410, 607, 653, 713];car;101
4;[902, 330, 973, 393];car;101
5;[1225, 392, 1278, 452];car;101
6;[74, 397, 161, 460];motorbike;101
9;[678, 326, 770, 388];car;101
1;[135, 503, 331, 599];car;102
2;[589, 641, 807, 719];car;102
3;[410, 607, 653, 713];car;102
4;[902, 330, 974, 393];car;102
5;[1225, 393, 1278, 452];car;102
6;[73, 397, 161, 460];motorbike;102
9;[673, 325, 767, 386];car;102
1;[135, 503, 330, 599];car;103
2;[588, 641, 808, 719];car;103
3;[410, 607, 652, 713];car;103
4;[902, 330, 974, 393];car;103
5;[1230, 393, 1282, 454];car;103
6;[73, 397, 162, 460];motorbike;103
9;[669, 324, 763, 384];car;103
1;[135, 503, 331, 599];car;104
2;[587, 641, 808, 719];car;104
3;[410, 607, 652, 713];car;104
4;[903, 330, 974, 393];car;104
5;[1227, 393, 1279, 453];car;104
6;[73, 395, 164, 460];motorbike;104
9;[664, 324, 758, 382];car;104
1;[135, 503, 331, 599];car;105
2;[588, 641, 807, 719];car;105
3;[410, 607, 652, 713];car;105
4;[902, 330, 974, 393];car;105
5;[1226, 393, 1278, 453];car;105
6;[72, 394, 165, 460];motorbike;105
9;[659, 323, 755, 381];car;105
1;[135, 503, 331, 599];car;106
2;[588, 641, 807, 719];car;106
3;[410, 607, 652, 713];car;106
4;[902, 330, 973, 393];car;106
5;[1225, 393, 1278, 453];car;106
6;[72, 394, 165, 460];motorbike;106
9;[653, 322, 751, 380];car;106
1;[135, 503, 331, 599];car;107
2;[588, 641, 807, 719];car;107
3;[410, 607, 652, 713];car;107
4;[902, 330, 973, 393];car;107
5;[1225, 392, 1278, 452];car;107
6;[72, 394, 164, 460];motorbike;107
9;[645, 321, 748, 380];car;107
1;[135, 503, 331, 599];car;108
2;[588, 642, 807, 719];car;108
3;[410, 607, 652, 713];car;108
4;[902, 330, 973, 393];car;108
5;[1225, 392, 1279, 453];car;108
6;[72, 394, 164, 460];motorbike;108
9;[638, 320, 744, 379];car;108
1;[135, 503, 331, 599];car;109
2;[588, 642, 807, 719];car;109
3;[410, 607, 653, 713];car;109
5;[1230, 392, 1283, 454];car;109
6;[71, 394, 164, 461];motorbike;109
9;[632, 318, 740, 379];car;109
1;[135, 503, 331, 599];car;110
2;[588, 642, 807, 719];car;110
3;[410, 607, 653, 713];car;110
5;[1232, 391, 1285, 454];car;110
6;[72, 395, 163, 461];motorbike;110
9;[626, 317, 735, 378];car;110
1;[135, 503, 331, 599];car;111
2;[588, 642, 807, 719];car;111
3;[410, 607, 653, 713];car;111
5;[1233, 391, 1285, 455];car;111
6;[73, 396, 162, 461];motorbike;111
9;[619, 316, 730, 377];car;111
1;[135, 503, 331, 599];car;112
2;[588, 642, 807, 719];car;112
3;[410, 607, 653, 713];car;112
5;[1234, 391, 1285, 455];car;112
6;[73, 396, 162, 461];motorbike;112
9;[613, 316, 725, 377];car;112
1;[135, 503, 331, 599];car;113
2;[588, 642, 807, 718];car;113
3;[410, 607, 653, 713];car;113
5;[1234, 391, 1284, 455];car;113
6;[73, 396, 161, 461];motorbike;113
9;[609, 315, 720, 375];car;113
1;[135, 503, 331, 599];car;114
2;[587, 641, 808, 719];car;114
3;[410, 607, 653, 713];car;114
5;[1234, 391, 1283, 455];car;114
6;[73, 397, 161, 460];motorbike;114
9;[604, 314, 715, 374];car;114
1;[135, 503, 331, 599];car;115
2;[588, 641, 807, 718];car;115
3;[410, 607, 652, 713];car;115
5;[1234, 391, 1283, 455];car;115
6;[73, 396, 162, 460];motorbike;115
9;[597, 313, 709, 373];car;115
1;[135, 503, 330, 599];car;116
2;[588, 641, 807, 719];car;116
3;[410, 607, 653, 713];car;116
5;[1235, 391, 1283, 455];car;116
6;[73, 396, 162, 460];motorbike;116
9;[591, 313, 703, 371];car;116
1;[136, 504, 329, 599];car;117
2;[587, 641, 808, 719];car;117
3;[410, 607, 653, 713];car;117
5;[1235, 391, 1283, 455];car;117
6;[72, 396, 161, 460];motorbike;117
9;[586, 312, 698, 370];car;117
1;[137, 504, 329, 598];car;118
2;[588, 641, 807, 718];car;118
3;[410, 607, 653, 713];car;118
5;[1236, 391, 1282, 455];car;118
6;[72, 397, 161, 461];motorbike;118
9;[580, 310, 694, 369];car;118
1;[136, 504, 329, 598];car;119
2;[587, 641, 808, 718];car;119
3;[410, 607, 653, 713];car;119
5;[1230, 395, 1275, 453];car;119
6;[73, 396, 163, 461];motorbike;119
9;[575, 309, 689, 368];car;119
1;[136, 505, 329, 598];car;120
2;[587, 641, 808, 718];car;120
3;[410, 607, 652, 713];car;120
5;[1234, 393, 1280, 453];car;120
6;[73, 396, 163, 461];motorbike;120
9;[570, 308, 685, 366];car;120
1;[135, 504, 330, 598];car;121
2;[587, 640, 808, 719];car;121
3;[410, 607, 652, 713];car;121
5;[1236, 392, 1282, 454];car;121
6;[74, 397, 162, 461];motorbike;121
9;[564, 306, 680, 365];car;121
1;[135, 504, 330, 598];car;122
2;[588, 641, 807, 719];car;122
3;[410, 607, 652, 713];car;122
5;[1231, 391, 1278, 454];car;122
6;[74, 397, 162, 460];motorbike;122
9;[558, 305, 674, 364];car;122
1;[135, 504, 330, 599];car;123
2;[588, 641, 807, 718];car;123
3;[410, 607, 652, 713];car;123
4;[894, 328, 970, 394];car;123
5;[1234, 391, 1281, 454];car;123
6;[74, 396, 162, 460];motorbike;123
9;[553, 304, 671, 364];car;123
1;[135, 503, 330, 599];car;124
2;[587, 641, 808, 719];car;124
3;[409, 607, 652, 713];car;124
4;[894, 327, 970, 395];car;124
5;[1236, 391, 1282, 454];car;124
6;[73, 396, 163, 459];motorbike;124
9;[548, 302, 666, 363];car;124
10;[-1, 93, 53, 135];car;124
1;[135, 503, 330, 599];car;125
2;[588, 641, 807, 718];car;125
3;[409, 607, 652, 713];car;125
5;[1237, 391, 1282, 454];car;125
6;[73, 396, 163, 459];motorbike;125
9;[543, 301, 660, 361];car;125
10;[-1, 95, 49, 134];car;125
1;[135, 503, 330, 599];car;126
2;[588, 641, 806, 719];car;126
3;[409, 607, 652, 713];car;126
5;[1230, 394, 1275, 453];car;126
6;[74, 396, 162, 459];motorbike;126
9;[541, 301, 654, 359];car;126
10;[-2, 95, 48, 134];car;126
1;[135, 503, 330, 599];car;127
2;[587, 641, 807, 718];car;127
3;[410, 607, 652, 713];car;127
5;[1227, 395, 1272, 453];car;127
6;[73, 396, 162, 459];motorbike;127
9;[539, 300, 650, 358];car;127
10;[-2, 95, 48, 133];car;127
1;[135, 503, 330, 599];car;128
2;[587, 641, 807, 719];car;128
3;[409, 607, 652, 713];car;128
5;[1227, 393, 1275, 453];car;128
6;[73, 396, 162, 459];motorbike;128
9;[532, 299, 643, 356];car;128
1;[135, 503, 330, 599];car;129
2;[587, 641, 807, 719];car;129
3;[409, 607, 652, 713];car;129
5;[1232, 393, 1280, 454];car;129
6;[72, 396, 163, 460];motorbike;129
9;[528, 297, 640, 355];car;129
1;[135, 503, 330, 599];car;130
2;[587, 641, 807, 719];car;130
3;[409, 607, 652, 713];car;130
5;[1229, 392, 1278, 454];car;130
6;[73, 396, 162, 460];motorbike;130
9;[522, 296, 635, 355];car;130
1;[135, 503, 330, 599];car;131
2;[588, 641, 806, 719];car;131
3;[409, 607, 652, 713];car;131
5;[1226, 394, 1274, 453];car;131
6;[73, 396, 162, 460];motorbike;131
9;[518, 295, 631, 354];car;131
1;[135, 503, 330, 599];car;132
2;[588, 641, 807, 719];car;132
3;[409, 607, 652, 713];car;132
5;[1225, 396, 1272, 453];car;132
6;[73, 396, 162, 460];motorbike;132
9;[515, 294, 626, 353];car;132
1;[135, 503, 330, 599];car;133
2;[588, 642, 807, 719];car;133
3;[410, 607, 652, 713];car;133
5;[1225, 396, 1271, 452];car;133
6;[73, 396, 162, 460];motorbike;133
8;[1241, 393, 1278, 455];car;133
9;[510, 294, 619, 351];car;133
1;[136, 503, 330, 599];car;134
2;[588, 642, 807, 718];car;134
3;[409, 607, 652, 713];car;134
6;[73, 396, 162, 460];motorbike;134
8;[1240, 392, 1279, 454];car;134
9;[506, 294, 612, 350];car;134
1;[136, 504, 329, 599];car;135
2;[588, 642, 807, 718];car;135
3;[410, 607, 652, 713];car;135
6;[73, 397, 162, 460];motorbike;135
8;[1240, 392, 1279, 454];car;135
9;[503, 293, 610, 349];car;135
11;[-2, 97, 32, 136];car;135
1;[135, 504, 330, 599];car;136
2;[588, 642, 807, 718];car;136
3;[410, 607, 652, 713];car;136
6;[74, 398, 162, 461];motorbike;136
8;[1240, 392, 1279, 454];car;136
9;[501, 292, 606, 348];car;136
11;[-3, 96, 31, 136];car;136
1;[136, 504, 330, 599];car;137
2;[588, 642, 807, 719];car;137
3;[410, 607, 652, 713];car;137
5;[1224, 397, 1272, 452];car;137
6;[74, 398, 162, 461];motorbike;137
7;[511, 292, 593, 346];car;137
8;[1240, 392, 1279, 454];car;137
9;[497, 291, 601, 347];car;137
11;[-5, 95, 29, 136];car;137
1;[136, 504, 329, 599];car;138
2;[588, 642, 807, 719];car;138
3;[410, 607, 652, 713];car;138
5;[1224, 397, 1272, 452];car;138
6;[74, 399, 161, 461];motorbike;138
7;[507, 291, 588, 345];car;138
11;[-6, 95, 28, 136];car;138
1;[136, 504, 330, 599];car;139
2;[588, 642, 807, 719];car;139
3;[410, 607, 652, 713];car;139
5;[1223, 397, 1273, 452];car;139
6;[74, 399, 161, 461];motorbike;139
7;[501, 290, 582, 344];car;139
1;[136, 504, 330, 599];car;140
2;[588, 642, 807, 718];car;140
3;[410, 607, 652, 713];car;140
5;[1223, 396, 1274, 452];car;140
6;[74, 399, 162, 461];motorbike;140
1;[135, 504, 330, 599];car;141
2;[587, 641, 808, 719];car;141
3;[410, 607, 652, 713];car;141
5;[1223, 392, 1279, 453];car;141
6;[74, 399, 162, 461];motorbike;141
1;[135, 504, 330, 599];car;142
2;[587, 641, 808, 719];car;142
3;[410, 607, 652, 713];car;142
5;[1223, 390, 1280, 453];car;142
6;[74, 399, 162, 461];motorbike;142
1;[135, 503, 330, 599];car;143
2;[588, 641, 807, 719];car;143
3;[410, 607, 652, 713];car;143
5;[1224, 390, 1280, 453];car;143
6;[73, 398, 163, 461];motorbike;143
1;[135, 503, 330, 599];car;144
2;[587, 641, 808, 719];car;144
3;[410, 607, 651, 713];car;144
5;[1224, 390, 1280, 454];car;144
6;[73, 398, 163, 460];motorbike;144
1;[136, 504, 330, 599];car;145
2;[588, 641, 807, 719];car;145
3;[410, 607, 651, 713];car;145
5;[1224, 390, 1280, 454];car;145
6;[73, 398, 163, 460];motorbike;145
1;[135, 504, 330, 599];car;146
2;[588, 641, 807, 719];car;146
3;[410, 607, 651, 713];car;146
5;[1230, 391, 1284, 454];car;146
6;[74, 398, 162, 460];motorbike;146
1;[135, 504, 331, 599];car;147
2;[588, 641, 807, 719];car;147
3;[410, 607, 652, 713];car;147
5;[1232, 391, 1285, 454];car;147
6;[74, 398, 163, 459];motorbike;147
1;[135, 504, 331, 599];car;148
2;[588, 642, 807, 719];car;148
3;[410, 607, 652, 713];car;148
4;[902, 330, 975, 395];car;148
5;[1234, 392, 1285, 455];car;148
6;[74, 398, 162, 459];motorbike;148
1;[136, 504, 330, 599];car;149
2;[588, 642, 807, 719];car;149
3;[410, 607, 652, 713];car;149
4;[902, 331, 974, 394];car;149
5;[1227, 394, 1277, 453];car;149
6;[73, 396, 166, 460];motorbike;149
1;[135, 504, 329, 599];car;150
2;[588, 642, 807, 718];car;150
3;[411, 608, 651, 713];car;150
4;[902, 331, 974, 394];car;150
5;[1225, 395, 1274, 453];car;150
6;[72, 394, 168, 460];motorbike;150
1;[136, 504, 329, 599];car;151
2;[588, 642, 807, 719];car;151
3;[411, 608, 651, 713];car;151
4;[903, 331, 974, 394];car;151
5;[1224, 395, 1274, 453];car;151
6;[72, 393, 168, 460];motorbike;151
1;[135, 504, 330, 599];car;152
2;[587, 641, 808, 719];car;152
3;[410, 608, 652, 713];car;152
4;[903, 331, 973, 394];car;152
5;[1224, 396, 1274, 452];car;152
6;[72, 392, 169, 461];motorbike;152
1;[135, 504, 331, 599];car;153
2;[587, 641, 808, 719];car;153
3;[410, 608, 652, 713];car;153
4;[903, 331, 973, 393];car;153
5;[1223, 396, 1275, 452];car;153
6;[72, 391, 169, 461];motorbike;153
1;[135, 504, 331, 599];car;154
2;[586, 641, 808, 719];car;154
3;[410, 608, 652, 712];car;154
4;[903, 331, 973, 393];car;154
5;[1224, 396, 1276, 452];car;154
6;[71, 391, 170, 461];motorbike;154
1;[135, 503, 331, 599];car;155
2;[586, 640, 808, 719];car;155
3;[410, 608, 652, 712];car;155
4;[903, 331, 973, 393];car;155
5;[1223, 396, 1276, 452];car;155
6;[72, 390, 170, 460];motorbike;155
1;[135, 503, 330, 599];car;156
2;[586, 640, 808, 719];car;156
3;[410, 607, 652, 712];car;156
5;[1223, 396, 1275, 452];car;156
6;[72, 389, 170, 460];motorbike;156
1;[135, 503, 330, 599];car;157
2;[587, 641, 807, 719];car;157
3;[410, 607, 652, 712];car;157
5;[1222, 396, 1275, 452];car;157
6;[71, 389, 170, 460];motorbike;157
1;[135, 503, 330, 599];car;158
2;[587, 641, 807, 719];car;158
3;[410, 607, 652, 712];car;158
5;[1222, 397, 1275, 452];car;158
6;[71, 390, 169, 460];motorbike;158
1;[135, 503, 330, 599];car;159
2;[587, 641, 807, 719];car;159
3;[409, 607, 652, 713];car;159
5;[1222, 396, 1276, 452];car;159
6;[71, 391, 166, 460];motorbike;159
1;[135, 503, 330, 599];car;160
2;[587, 641, 806, 719];car;160
3;[409, 607, 652, 713];car;160
4;[902, 331, 973, 394];car;160
5;[1222, 396, 1277, 452];car;160
6;[72, 392, 166, 461];motorbike;160
1;[135, 503, 330, 599];car;161
2;[587, 641, 807, 719];car;161
3;[409, 607, 652, 713];car;161
4;[903, 331, 973, 394];car;161
5;[1221, 396, 1277, 452];car;161
6;[73, 393, 166, 461];motorbike;161
1;[135, 503, 330, 599];car;162
2;[587, 641, 807, 719];car;162
3;[410, 607, 652, 713];car;162
4;[903, 331, 973, 394];car;162
5;[1221, 396, 1277, 452];car;162
6;[72, 393, 166, 461];motorbike;162
1;[135, 503, 330, 599];car;163
2;[587, 641, 808, 719];car;163
3;[409, 607, 652, 713];car;163
4;[903, 331, 973, 394];car;163
5;[1221, 396, 1277, 452];car;163
6;[73, 393, 165, 461];motorbike;163
1;[135, 503, 329, 599];car;164
2;[587, 640, 808, 719];car;164
3;[410, 607, 652, 713];car;164
5;[1221, 396, 1277, 452];car;164
6;[73, 393, 165, 461];motorbike;164
1;[135, 503, 330, 599];car;165
2;[588, 641, 807, 719];car;165
3;[410, 607, 653, 713];car;165
5;[1221, 396, 1277, 452];car;165
6;[72, 393, 165, 461];motorbike;165
8;[1240, 392, 1279, 454];car;165
1;[135, 503, 329, 599];car;166
2;[588, 641, 807, 719];car;166
3;[409, 607, 652, 713];car;166
6;[73, 393, 165, 461];motorbike;166
8;[1240, 392, 1279, 455];car;166
1;[135, 503, 329, 599];car;167
2;[588, 641, 807, 719];car;167
3;[410, 607, 652, 713];car;167
4;[903, 331, 973, 393];car;167
6;[72, 393, 165, 461];motorbike;167
8;[1240, 392, 1279, 455];car;167
1;[135, 503, 330, 599];car;168
2;[588, 642, 807, 719];car;168
3;[410, 607, 652, 713];car;168
4;[903, 331, 973, 393];car;168
6;[73, 394, 165, 461];motorbike;168
8;[1240, 392, 1279, 455];car;168
1;[135, 503, 330, 599];car;169
2;[588, 642, 806, 719];car;169
3;[410, 607, 653, 713];car;169
4;[903, 331, 974, 393];car;169
5;[1221, 396, 1277, 452];car;169
6;[73, 394, 165, 461];motorbike;169
8;[1240, 393, 1279, 455];car;169
1;[135, 503, 330, 599];car;170
2;[588, 642, 807, 719];car;170
3;[410, 607, 652, 713];car;170
4;[903, 331, 974, 394];car;170
5;[1221, 397, 1277, 452];car;170
6;[74, 395, 164, 461];motorbike;170
1;[135, 503, 330, 599];car;171
2;[588, 642, 807, 719];car;171
3;[409, 607, 652, 713];car;171
4;[903, 331, 973, 394];car;171
5;[1220, 397, 1277, 452];car;171
6;[75, 395, 164, 460];motorbike;171
1;[135, 503, 330, 599];car;172
2;[587, 641, 807, 719];car;172
3;[410, 607, 652, 713];car;172
4;[903, 331, 973, 394];car;172
5;[1220, 397, 1277, 452];car;172
6;[75, 396, 164, 460];motorbike;172
8;[1240, 393, 1279, 455];car;172
1;[135, 503, 330, 599];car;173
2;[587, 641, 808, 719];car;173
3;[410, 607, 653, 713];car;173
4;[903, 331, 974, 394];car;173
6;[74, 396, 163, 460];motorbike;173
8;[1240, 393, 1279, 455];car;173
1;[135, 503, 330, 599];car;174
2;[587, 641, 808, 719];car;174
3;[411, 607, 652, 712];car;174
4;[903, 331, 974, 394];car;174
5;[1220, 397, 1277, 453];car;174
6;[74, 396, 163, 460];motorbike;174
8;[1240, 393, 1279, 455];car;174
1;[135, 503, 330, 599];car;175
2;[587, 640, 808, 719];car;175
3;[410, 607, 652, 712];car;175
4;[902, 331, 974, 394];car;175
5;[1220, 397, 1277, 453];car;175
6;[73, 394, 164, 460];motorbike;175
1;[135, 503, 330, 599];car;176
2;[587, 640, 808, 718];car;176
3;[410, 607, 651, 712];car;176
4;[897, 329, 971, 394];car;176
5;[1220, 397, 1277, 453];car;176
6;[73, 395, 163, 460];motorbike;176
1;[135, 503, 329, 599];car;177
2;[587, 640, 807, 719];car;177
3;[410, 607, 651, 712];car;177
4;[894, 328, 970, 394];car;177
5;[1220, 397, 1278, 453];car;177
6;[73, 395, 162, 460];motorbike;177
1;[135, 503, 330, 599];car;178
2;[587, 640, 807, 719];car;178
3;[410, 607, 651, 711];car;178
4;[893, 328, 970, 394];car;178
5;[1220, 397, 1277, 453];car;178
6;[73, 395, 164, 460];motorbike;178
1;[135, 503, 330, 599];car;179
2;[587, 640, 807, 719];car;179
3;[410, 607, 652, 712];car;179
4;[899, 331, 972, 394];car;179
5;[1220, 396, 1278, 452];car;179
6;[75, 397, 162, 460];motorbike;179
1;[136, 503, 330, 599];car;180
2;[587, 640, 807, 719];car;180
3;[410, 607, 652, 712];car;180
4;[901, 331, 973, 393];car;180
5;[1220, 396, 1279, 452];car;180
6;[75, 398, 161, 460];motorbike;180
1;[135, 503, 330, 599];car;181
2;[587, 640, 807, 719];car;181
3;[410, 607, 652, 712];car;181
4;[896, 329, 971, 393];car;181
5;[1220, 396, 1278, 452];car;181
6;[75, 398, 161, 460];motorbike;181
1;[135, 503, 331, 599];car;182
2;[587, 640, 807, 719];car;182
3;[410, 607, 652, 712];car;182
4;[894, 329, 970, 393];car;182
5;[1220, 395, 1278, 452];car;182
6;[75, 398, 161, 459];motorbike;182
8;[1239, 391, 1280, 455];car;182
1;[134, 503, 332, 599];car;183
2;[587, 640, 807, 719];car;183
3;[411, 607, 652, 712];car;183
4;[893, 329, 970, 393];car;183
6;[74, 397, 162, 459];motorbike;183
8;[1239, 391, 1279, 455];car;183
1;[134, 502, 332, 599];car;184
2;[587, 640, 807, 719];car;184
3;[410, 607, 653, 712];car;184
4;[892, 328, 970, 393];car;184
5;[1220, 395, 1278, 452];car;184
6;[73, 396, 163, 459];motorbike;184
8;[1239, 391, 1279, 455];car;184
1;[134, 502, 332, 599];car;185
2;[587, 640, 807, 719];car;185
3;[409, 607, 653, 712];car;185
4;[892, 328, 970, 393];car;185
5;[1219, 395, 1279, 452];car;185
6;[73, 395, 163, 459];motorbike;185
1;[135, 503, 331, 599];car;186
2;[587, 640, 807, 719];car;186
3;[410, 607, 653, 712];car;186
4;[892, 328, 970, 393];car;186
5;[1220, 392, 1282, 453];car;186
6;[73, 395, 163, 459];motorbike;186
1;[136, 503, 330, 599];car;187
2;[587, 640, 807, 719];car;187
3;[409, 607, 653, 712];car;187
4;[892, 328, 970, 393];car;187
5;[1221, 391, 1283, 453];car;187
6;[73, 396, 162, 459];motorbike;187
7;[262, 243, 345, 293];car;187
1;[136, 503, 330, 599];car;188
2;[587, 640, 807, 719];car;188
3;[409, 607, 653, 712];car;188
4;[899, 330, 974, 393];car;188
5;[1221, 390, 1284, 453];car;188
6;[74, 397, 162, 459];motorbike;188
7;[255, 242, 343, 292];car;188
8;[1238, 391, 1280, 455];car;188
1;[136, 503, 330, 599];car;189
2;[587, 640, 807, 718];car;189
3;[410, 607, 653, 712];car;189
4;[901, 330, 975, 393];car;189
6;[74, 397, 163, 459];motorbike;189
7;[250, 241, 338, 291];car;189
8;[1239, 390, 1280, 455];car;189
1;[136, 504, 329, 598];car;190
2;[587, 640, 807, 719];car;190
3;[410, 607, 653, 712];car;190
4;[901, 330, 975, 393];car;190
6;[73, 396, 164, 460];motorbike;190
8;[1239, 391, 1279, 455];car;190
12;[146, 196, 171, 238];person;190
1;[136, 504, 329, 598];car;191
2;[587, 640, 807, 719];car;191
3;[409, 607, 654, 712];car;191
4;[902, 331, 975, 393];car;191
6;[72, 395, 165, 460];motorbike;191
7;[241, 239, 328, 286];car;191
8;[1239, 391, 1280, 455];car;191
12;[147, 195, 172, 238];person;191
1;[136, 504, 329, 598];car;192
2;[587, 640, 807, 719];car;192
3;[409, 607, 654, 712];car;192
6;[72, 395, 165, 460];motorbike;192
7;[237, 238, 322, 284];car;192
8;[1239, 391, 1279, 455];car;192
12;[148, 194, 173, 237];person;192
1;[136, 504, 329, 598];car;193
2;[587, 640, 807, 719];car;193
3;[410, 607, 654, 713];car;193
6;[72, 394, 165, 461];motorbike;193
7;[232, 237, 319, 284];car;193
8;[1238, 391, 1279, 455];car;193
12;[148, 194, 173, 238];person;193
1;[136, 504, 329, 598];car;194
2;[587, 640, 807, 718];car;194
3;[410, 607, 654, 713];car;194
6;[72, 394, 165, 461];motorbike;194
7;[229, 236, 317, 283];car;194
8;[1239, 392, 1279, 455];car;194
12;[149, 194, 174, 237];person;194
1;[136, 504, 329, 598];car;195
2;[587, 640, 807, 718];car;195
3;[410, 607, 654, 713];car;195
4;[901, 331, 975, 393];car;195
6;[72, 394, 164, 461];motorbike;195
7;[226, 236, 315, 283];car;195
8;[1234, 391, 1276, 454];car;195
12;[150, 194, 173, 234];person;195
1;[136, 504, 329, 598];car;196
2;[587, 640, 807, 718];car;196
3;[409, 607, 654, 713];car;196
4;[902, 331, 975, 393];car;196
6;[71, 394, 164, 461];motorbike;196
7;[222, 235, 311, 282];car;196
8;[1232, 391, 1275, 454];car;196
12;[152, 194, 173, 233];person;196
1;[136, 504, 329, 598];car;197
2;[587, 640, 807, 719];car;197
3;[409, 607, 653, 713];car;197
6;[71, 394, 164, 461];motorbike;197
7;[216, 234, 304, 281];car;197
8;[1230, 391, 1274, 453];car;197
12;[152, 194, 174, 233];person;197
1;[136, 504, 329, 598];car;198
2;[587, 640, 807, 718];car;198
3;[409, 607, 653, 713];car;198
6;[71, 392, 165, 461];motorbike;198
7;[212, 233, 300, 280];car;198
8;[1229, 391, 1274, 453];car;198
12;[152, 194, 174, 234];person;198
1;[136, 504, 330, 598];car;199
2;[587, 640, 807, 719];car;199
3;[410, 607, 653, 713];car;199
6;[71, 392, 165, 461];motorbike;199
7;[209, 233, 297, 279];car;199
8;[1229, 392, 1275, 453];car;199
12;[152, 194, 175, 235];person;199
1;[136, 504, 330, 598];car;200
2;[587, 640, 806, 719];car;200
3;[409, 607, 653, 713];car;200
6;[71, 392, 165, 461];motorbike;200
7;[205, 232, 294, 279];car;200
8;[1228, 391, 1276, 453];car;200
12;[152, 194, 176, 237];person;200
1;[136, 504, 330, 598];car;201
2;[587, 640, 806, 719];car;201
3;[410, 607, 653, 713];car;201
6;[72, 392, 165, 461];motorbike;201
7;[201, 232, 290, 278];car;201
8;[1228, 391, 1276, 453];car;201
9;[197, 231, 282, 280];car;201
12;[153, 194, 177, 238];person;201
1;[136, 504, 330, 598];car;202
2;[587, 640, 807, 719];car;202
3;[410, 607, 653, 713];car;202
6;[72, 393, 164, 461];motorbike;202
8;[1227, 391, 1276, 453];car;202
9;[195, 231, 280, 280];car;202
12;[154, 194, 179, 239];person;202
1;[136, 504, 330, 598];car;203
2;[588, 640, 807, 719];car;203
3;[409, 607, 653, 713];car;203
6;[73, 394, 164, 461];motorbike;203
8;[1228, 391, 1277, 453];car;203
9;[192, 230, 278, 279];car;203
12;[155, 194, 179, 239];person;203
1;[136, 504, 330, 598];car;204
2;[588, 640, 807, 719];car;204
3;[409, 607, 653, 713];car;204
6;[72, 394, 163, 461];motorbike;204
8;[1227, 391, 1277, 453];car;204
9;[189, 229, 276, 279];car;204
12;[155, 194, 179, 239];person;204
1;[135, 504, 330, 598];car;205
2;[588, 640, 807, 719];car;205
3;[409, 607, 653, 713];car;205
6;[72, 395, 162, 461];motorbike;205
8;[1227, 391, 1277, 453];car;205
9;[188, 229, 273, 278];car;205
12;[156, 194, 180, 238];person;205
1;[136, 504, 330, 598];car;206
2;[588, 640, 807, 719];car;206
3;[410, 607, 653, 713];car;206
6;[74, 396, 161, 460];motorbike;206
8;[1227, 391, 1278, 453];car;206
9;[185, 228, 270, 277];car;206
12;[157, 195, 180, 238];person;206
1;[136, 504, 330, 598];car;207
2;[588, 640, 807, 719];car;207
3;[409, 607, 653, 713];car;207
6;[73, 396, 161, 460];motorbike;207
8;[1227, 391, 1278, 453];car;207
9;[181, 228, 267, 276];car;207
12;[159, 196, 180, 238];person;207
1;[136, 504, 330, 598];car;208
2;[588, 640, 807, 719];car;208
3;[410, 607, 653, 713];car;208
4;[902, 330, 976, 393];car;208
6;[72, 395, 162, 460];motorbike;208
8;[1231, 391, 1282, 454];car;208
9;[177, 226, 266, 275];car;208
12;[160, 195, 181, 237];person;208
1;[135, 504, 330, 598];car;209
2;[588, 640, 807, 719];car;209
3;[410, 607, 653, 713];car;209
4;[902, 330, 975, 393];car;209
6;[73, 395, 161, 460];motorbike;209
8;[1228, 394, 1276, 453];car;209
9;[175, 226, 262, 274];car;209
12;[160, 195, 182, 237];person;209
1;[135, 504, 330, 598];car;210
2;[588, 640, 807, 719];car;210
3;[410, 607, 653, 713];car;210
4;[902, 330, 975, 393];car;210
6;[72, 394, 162, 460];motorbike;210
8;[1226, 392, 1277, 453];car;210
9;[171, 226, 258, 273];car;210
1;[135, 504, 330, 598];car;211
2;[588, 640, 807, 719];car;211
3;[410, 607, 652, 713];car;211
6;[72, 394, 161, 460];motorbike;211
8;[1225, 394, 1275, 453];car;211
9;[168, 224, 255, 271];car;211
1;[135, 504, 330, 598];car;212
2;[588, 640, 807, 719];car;212
3;[410, 607, 653, 713];car;212
6;[73, 395, 161, 459];motorbike;212
8;[1224, 394, 1274, 453];car;212
9;[164, 223, 252, 270];car;212
1;[136, 504, 330, 598];car;213
2;[588, 640, 807, 719];car;213
3;[410, 607, 652, 713];car;213
4;[899, 329, 975, 393];car;213
6;[73, 396, 160, 459];motorbike;213
8;[1230, 393, 1281, 454];car;213
9;[159, 223, 248, 269];car;213
1;[136, 504, 330, 598];car;214
2;[589, 641, 806, 719];car;214
3;[410, 607, 652, 713];car;214
4;[898, 329, 976, 393];car;214
6;[73, 396, 161, 460];motorbike;214
8;[1232, 391, 1284, 454];car;214
9;[155, 222, 244, 269];car;214
1;[136, 504, 330, 598];car;215
2;[589, 641, 806, 719];car;215
3;[410, 607, 652, 713];car;215
4;[898, 328, 976, 393];car;215
6;[72, 396, 161, 460];motorbike;215
8;[1228, 393, 1278, 453];car;215
9;[153, 221, 241, 268];car;215
1;[135, 504, 330, 598];car;216
2;[588, 641, 806, 719];car;216
3;[409, 607, 652, 713];car;216
6;[72, 396, 161, 460];motorbike;216
8;[1226, 394, 1276, 453];car;216
9;[149, 220, 237, 267];car;216
1;[136, 504, 330, 598];car;217
2;[588, 641, 807, 719];car;217
3;[409, 607, 653, 713];car;217
4;[900, 329, 976, 393];car;217
6;[73, 396, 160, 459];motorbike;217
8;[1231, 392, 1282, 454];car;217
9;[145, 220, 233, 267];car;217
1;[136, 504, 331, 598];car;218
2;[587, 641, 807, 719];car;218
3;[409, 606, 653, 713];car;218
4;[901, 329, 976, 393];car;218
6;[74, 396, 160, 459];motorbike;218
8;[1234, 392, 1284, 454];car;218
9;[141, 219, 230, 266];car;218
1;[136, 504, 330, 598];car;219
2;[587, 641, 807, 719];car;219
3;[409, 606, 653, 713];car;219
4;[901, 330, 976, 393];car;219
6;[73, 397, 160, 459];motorbike;219
8;[1235, 392, 1285, 454];car;219
9;[137, 218, 227, 266];car;219
1;[135, 504, 330, 598];car;220
2;[587, 640, 806, 719];car;220
3;[409, 606, 652, 713];car;220
4;[902, 330, 976, 393];car;220
6;[73, 395, 162, 459];motorbike;220
8;[1229, 391, 1280, 453];car;220
9;[132, 216, 224, 265];car;220
1;[134, 504, 329, 598];car;221
2;[587, 640, 807, 718];car;221
3;[408, 606, 651, 713];car;221
4;[894, 328, 972, 394];car;221
6;[72, 394, 162, 459];motorbike;221
8;[1226, 394, 1275, 453];car;221
9;[127, 214, 220, 264];car;221
1;[134, 504, 329, 598];car;222
2;[587, 640, 806, 719];car;222
3;[408, 606, 651, 713];car;222
4;[893, 328, 971, 394];car;222
6;[70, 392, 163, 460];motorbike;222
8;[1232, 394, 1281, 454];car;222
9;[123, 213, 217, 263];car;222
1;[134, 504, 329, 598];car;223
2;[587, 640, 806, 719];car;223
3;[408, 606, 651, 713];car;223
4;[892, 327, 971, 394];car;223
6;[71, 394, 162, 460];motorbike;223
8;[1234, 393, 1283, 454];car;223
9;[119, 212, 213, 263];car;223
1;[135, 504, 330, 598];car;224
2;[587, 640, 807, 719];car;224
3;[409, 606, 652, 713];car;224
4;[891, 327, 970, 394];car;224
6;[72, 394, 163, 460];motorbike;224
8;[1229, 392, 1279, 453];car;224
9;[116, 211, 211, 262];car;224
1;[135, 504, 330, 598];car;225
2;[588, 640, 807, 718];car;225
3;[409, 606, 652, 713];car;225
6;[73, 395, 163, 460];motorbike;225
8;[1228, 392, 1278, 453];car;225
9;[115, 211, 208, 262];car;225
1;[136, 504, 331, 598];car;226
2;[588, 640, 807, 718];car;226
3;[409, 606, 652, 713];car;226
4;[899, 330, 974, 394];car;226
6;[73, 395, 162, 460];motorbike;226
8;[1232, 392, 1282, 454];car;226
9;[113, 210, 205, 260];car;226
1;[136, 504, 331, 598];car;227
2;[588, 640, 807, 719];car;227
3;[410, 606, 652, 713];car;227
4;[899, 330, 974, 394];car;227
6;[73, 394, 164, 460];motorbike;227
8;[1234, 392, 1283, 454];car;227
9;[110, 211, 200, 259];car;227
1;[136, 504, 331, 598];car;228
2;[588, 640, 807, 719];car;228
3;[409, 606, 652, 713];car;228
6;[72, 393, 165, 460];motorbike;228
8;[1235, 392, 1283, 454];car;228
9;[107, 210, 197, 259];car;228
1;[135, 504, 331, 598];car;229
2;[587, 640, 807, 719];car;229
3;[409, 606, 652, 713];car;229
6;[72, 393, 164, 460];motorbike;229
8;[1230, 392, 1279, 454];car;229
9;[106, 210, 192, 256];car;229
1;[135, 504, 331, 598];car;230
2;[587, 640, 807, 718];car;230
3;[409, 606, 652, 713];car;230
6;[72, 393, 164, 460];motorbike;230
8;[1228, 391, 1277, 453];car;230
9;[103, 209, 188, 255];car;230
1;[136, 504, 331, 598];car;231
2;[587, 640, 807, 719];car;231
3;[410, 606, 651, 712];car;231
6;[72, 393, 164, 460];motorbike;231
8;[1227, 391, 1277, 453];car;231
9;[100, 209, 185, 254];car;231
1;[136, 504, 331, 598];car;232
2;[586, 640, 808, 719];car;232
3;[410, 606, 651, 712];car;232
6;[72, 393, 164, 460];motorbike;232
8;[1227, 390, 1277, 453];car;232
9;[97, 208, 183, 254];car;232
1;[136, 504, 331, 598];car;233
2;[586, 640, 808, 719];car;233
3;[410, 606, 651, 711];car;233
6;[73, 393, 164, 460];motorbike;233
8;[1225, 393, 1275, 452];car;233
9;[93, 207, 180, 254];car;233
12;[173, 191, 194, 233];person;233
1;[136, 504, 331, 598];car;234
2;[587, 639, 808, 719];car;234
3;[410, 606, 651, 711];car;234
4;[893, 328, 971, 394];car;234
6;[73, 394, 162, 459];motorbike;234
8;[1225, 394, 1274, 452];car;234
9;[89, 205, 177, 253];car;234
12;[174, 190, 196, 232];person;234
1;[135, 504, 331, 598];car;235
2;[586, 639, 808, 719];car;235
3;[410, 606, 651, 711];car;235
4;[892, 327, 970, 393];car;235
6;[72, 393, 164, 459];motorbike;235
8;[1224, 394, 1275, 452];car;235
9;[85, 204, 175, 253];car;235
12;[174, 190, 197, 232];person;235
1;[135, 504, 331, 598];car;236
2;[586, 639, 808, 719];car;236
3;[410, 606, 651, 711];car;236
4;[890, 323, 973, 393];car;236
6;[73, 394, 163, 459];motorbike;236
8;[1225, 393, 1277, 452];car;236
9;[83, 203, 172, 253];car;236
12;[174, 190, 197, 232];person;236
1;[135, 504, 331, 598];car;237
2;[587, 639, 807, 719];car;237
3;[410, 606, 651, 711];car;237
4;[890, 322, 973, 393];car;237
6;[73, 395, 162, 459];motorbike;237
8;[1225, 392, 1278, 452];car;237
9;[81, 203, 167, 251];car;237
12;[175, 190, 197, 232];person;237
1;[135, 504, 330, 598];car;238
2;[587, 639, 807, 719];car;238
3;[409, 606, 650, 711];car;238
4;[889, 321, 973, 393];car;238
6;[73, 395, 161, 458];motorbike;238
8;[1225, 392, 1278, 452];car;238
9;[76, 202, 163, 250];car;238
12;[175, 190, 198, 233];person;238
1;[135, 504, 330, 598];car;239
2;[587, 639, 807, 719];car;239
3;[409, 606, 650, 711];car;239
4;[889, 320, 973, 392];car;239
6;[72, 396, 161, 458];motorbike;239
8;[1231, 391, 1283, 453];car;239
9;[74, 202, 161, 250];car;239
12;[175, 190, 199, 235];person;239
1;[135, 504, 331, 598];car;240
2;[587, 640, 807, 719];car;240
3;[409, 606, 651, 711];car;240
4;[898, 328, 974, 393];car;240
6;[73, 396, 161, 458];motorbike;240
8;[1233, 391, 1285, 453];car;240
9;[73, 201, 159, 249];car;240
12;[174, 189, 199, 235];person;240
1;[135, 503, 331, 598];car;241
2;[587, 640, 807, 719];car;241
3;[410, 606, 650, 711];car;241
4;[901, 330, 974, 393];car;241
6;[73, 396, 161, 458];motorbike;241
8;[1234, 391, 1285, 453];car;241
9;[72, 200, 156, 247];car;241
12;[175, 189, 199, 234];person;241
1;[134, 503, 332, 598];car;242
2;[586, 640, 807, 718];car;242
3;[410, 606, 650, 711];car;242
4;[903, 330, 974, 393];car;242
6;[73, 396, 160, 457];motorbike;242
8;[1235, 391, 1285, 454];car;242
9;[70, 200, 152, 246];car;242
12;[176, 189, 200, 234];person;242
1;[135, 503, 331, 598];car;243
2;[586, 640, 807, 718];car;243
3;[410, 606, 650, 710];car;243
4;[903, 331, 974, 393];car;243
6;[72, 396, 161, 457];motorbike;243
8;[1236, 391, 1285, 454];car;243
9;[69, 199, 150, 245];car;243
12;[177, 188, 200, 233];person;243
1;[135, 503, 331, 598];car;244
2;[586, 639, 807, 719];car;244
3;[410, 606, 650, 710];car;244
4;[904, 331, 974, 394];car;244
6;[72, 396, 160, 457];motorbike;244
8;[1236, 391, 1284, 454];car;244
9;[69, 199, 147, 244];car;244
12;[177, 187, 201, 233];person;244
1;[135, 503, 331, 598];car;245
2;[586, 639, 807, 719];car;245
3;[410, 606, 651, 710];car;245
4;[904, 331, 973, 393];car;245
6;[72, 396, 160, 457];motorbike;245
8;[1237, 391, 1284, 454];car;245
9;[68, 199, 145, 244];car;245
12;[178, 186, 201, 233];person;245
1;[135, 503, 331, 598];car;246
2;[587, 639, 807, 718];car;246
3;[410, 606, 651, 710];car;246
4;[904, 331, 973, 393];car;246
6;[73, 397, 160, 457];motorbike;246
8;[1237, 391, 1283, 454];car;246
9;[66, 199, 143, 244];car;246
12;[179, 185, 203, 234];person;246
14;[79, 277, 131, 334];car;246
1;[135, 503, 330, 598];car;247
2;[587, 639, 807, 719];car;247
3;[409, 606, 652, 711];car;247
4;[904, 331, 973, 393];car;247
6;[72, 397, 161, 458];motorbike;247
8;[1237, 391, 1283, 454];car;247
9;[65, 198, 141, 244];car;247
12;[180, 185, 203, 234];person;247
14;[80, 276, 135, 335];car;247
1;[135, 503, 330, 598];car;248
2;[587, 639, 808, 718];car;248
3;[410, 606, 651, 711];car;248
4;[904, 331, 972, 393];car;248
6;[72, 397, 161, 458];motorbike;248
8;[1237, 391, 1283, 454];car;248
9;[65, 197, 139, 242];car;248
12;[181, 185, 203, 233];person;248
14;[82, 277, 139, 337];car;248
1;[136, 503, 331, 598];car;249
2;[587, 639, 807, 718];car;249
3;[410, 606, 651, 711];car;249
4;[905, 331, 972, 393];car;249
6;[72, 397, 162, 458];motorbike;249
8;[1237, 391, 1282, 454];car;249
9;[64, 196, 137, 241];car;249
12;[182, 184, 203, 229];person;249
14;[85, 278, 143, 339];car;249
1;[136, 503, 331, 598];car;250
2;[587, 639, 808, 718];car;250
3;[409, 606, 652, 711];car;250
4;[905, 331, 972, 393];car;250
6;[71, 396, 162, 458];motorbike;250
8;[1238, 391, 1282, 454];car;250
9;[63, 195, 134, 241];car;250
12;[183, 184, 203, 227];person;250
14;[86, 279, 147, 341];car;250
1;[136, 504, 331, 598];car;251
2;[587, 639, 807, 719];car;251
3;[409, 606, 652, 711];car;251
6;[71, 396, 163, 459];motorbike;251
8;[1238, 391, 1282, 454];car;251
9;[62, 195, 130, 240];car;251
12;[184, 184, 203, 226];person;251
14;[87, 279, 150, 342];car;251
1;[136, 504, 331, 598];car;252
2;[588, 640, 806, 719];car;252
3;[409, 606, 653, 712];car;252
6;[71, 396, 163, 459];motorbike;252
8;[1238, 391, 1281, 454];car;252
9;[61, 195, 128, 240];car;252
12;[183, 185, 204, 230];person;252
14;[90, 282, 153, 344];car;252
1;[135, 504, 331, 598];car;253
2;[588, 640, 806, 719];car;253
3;[408, 606, 653, 712];car;253
6;[72, 397, 162, 460];motorbike;253
8;[1238, 391, 1281, 454];car;253
9;[60, 194, 127, 240];car;253
12;[183, 185, 204, 232];person;253
14;[93, 283, 158, 344];car;253
1;[135, 504, 330, 598];car;254
2;[588, 640, 806, 719];car;254
3;[409, 607, 652, 713];car;254
6;[71, 398, 161, 460];motorbike;254
7;[74, 285, 183, 345];car;254
8;[1233, 391, 1277, 454];car;254
9;[60, 193, 124, 240];car;254
12;[184, 185, 204, 232];person;254
14;[95, 284, 160, 345];car;254
1;[135, 504, 330, 598];car;255
2;[589, 641, 806, 719];car;255
3;[410, 607, 652, 713];car;255
6;[71, 399, 160, 461];motorbike;255
7;[76, 288, 184, 348];car;255
8;[1236, 391, 1280, 454];car;255
9;[60, 194, 120, 239];car;255
12;[184, 185, 205, 233];person;255
1;[135, 504, 330, 598];car;256
2;[590, 641, 805, 719];car;256
3;[410, 607, 652, 713];car;256
6;[71, 399, 160, 461];motorbike;256
7;[80, 289, 188, 349];car;256
8;[1237, 391, 1281, 454];car;256
9;[60, 193, 118, 239];car;256
12;[184, 185, 205, 233];person;256
1;[136, 504, 329, 598];car;257
2;[589, 642, 805, 719];car;257
3;[410, 608, 652, 713];car;257
6;[70, 399, 160, 462];motorbike;257
7;[85, 291, 194, 351];car;257
8;[1237, 391, 1281, 455];car;257
9;[60, 191, 116, 238];car;257
12;[183, 185, 205, 234];person;257
1;[136, 505, 329, 598];car;258
2;[589, 642, 805, 719];car;258
3;[410, 608, 653, 713];car;258
6;[70, 398, 161, 462];motorbike;258
7;[91, 291, 202, 352];car;258
8;[1238, 391, 1281, 455];car;258
9;[60, 191, 114, 237];car;258
12;[184, 185, 205, 235];person;258
1;[136, 505, 330, 598];car;259
2;[589, 642, 806, 719];car;259
3;[410, 608, 652, 713];car;259
6;[70, 398, 161, 462];motorbike;259
7;[95, 291, 207, 354];car;259
8;[1238, 391, 1281, 455];car;259
9;[60, 190, 111, 236];car;259
1;[136, 505, 330, 598];car;260
2;[589, 642, 806, 719];car;260
3;[410, 608, 652, 713];car;260
6;[72, 398, 161, 461];motorbike;260
7;[101, 292, 211, 355];car;260
8;[1233, 391, 1276, 453];car;260
9;[60, 189, 109, 235];car;260
1;[135, 504, 330, 598];car;261
2;[589, 642, 806, 719];car;261
3;[410, 608, 652, 713];car;261
6;[71, 398, 161, 461];motorbike;261
7;[107, 294, 217, 356];car;261
8;[1230, 391, 1275, 453];car;261
9;[61, 189, 106, 234];car;261
12;[184, 184, 205, 234];person;261
1;[135, 504, 330, 598];car;262
2;[587, 641, 807, 719];car;262
3;[409, 608, 651, 713];car;262
6;[72, 398, 160, 460];motorbike;262
7;[113, 295, 222, 358];car;262
8;[1229, 391, 1274, 453];car;262
9;[59, 188, 104, 233];car;262
12;[184, 184, 205, 233];person;262
1;[136, 504, 330, 598];car;263
2;[588, 641, 807, 719];car;263
3;[410, 608, 651, 713];car;263
6;[72, 398, 161, 461];motorbike;263
7;[120, 298, 226, 359];car;263
8;[1228, 390, 1275, 453];car;263
12;[184, 184, 205, 233];person;263
1;[136, 507, 329, 600];car;264
2;[590, 642, 806, 719];car;264
3;[411, 608, 651, 713];car;264
6;[71, 399, 162, 463];motorbike;264
7;[127, 299, 234, 360];car;264
8;[1233, 391, 1280, 454];car;264
1;[136, 508, 329, 601];car;265
2;[590, 642, 806, 719];car;265
3;[411, 608, 652, 713];car;265
4;[892, 327, 969, 395];car;265
6;[73, 401, 160, 463];motorbike;265
7;[131, 300, 244, 365];car;265
8;[1234, 391, 1281, 455];car;265
1;[136, 506, 330, 600];car;266
2;[589, 642, 807, 719];car;266
3;[410, 609, 651, 713];car;266
4;[891, 326, 970, 396];car;266
6;[72, 400, 160, 462];motorbike;266
7;[136, 302, 248, 367];car;266
8;[1236, 392, 1282, 455];car;266
1;[135, 505, 329, 599];car;267
2;[588, 642, 807, 719];car;267
3;[409, 608, 652, 714];car;267
4;[890, 323, 971, 394];car;267
6;[73, 400, 159, 461];motorbike;267
7;[142, 303, 255, 368];car;267
8;[1237, 392, 1282, 455];car;267
1;[136, 507, 329, 601];car;268
2;[588, 642, 807, 719];car;268
3;[410, 608, 652, 714];car;268
4;[890, 325, 971, 395];car;268
6;[72, 401, 160, 462];motorbike;268
7;[147, 304, 259, 369];car;268
8;[1238, 392, 1282, 455];car;268
1;[136, 506, 329, 599];car;269
2;[588, 642, 807, 718];car;269
3;[410, 608, 652, 714];car;269
4;[891, 326, 971, 395];car;269
5;[1218, 394, 1278, 454];car;269
6;[73, 401, 160, 462];motorbike;269
7;[152, 306, 263, 370];car;269
8;[1238, 392, 1283, 455];car;269
12;[187, 185, 207, 232];person;269
1;[136, 508, 329, 601];car;270
2;[588, 642, 807, 719];car;270
3;[411, 609, 651, 714];car;270
4;[891, 326, 972, 395];car;270
5;[1218, 395, 1277, 453];car;270
6;[73, 402, 161, 463];motorbike;270
7;[158, 308, 267, 371];car;270
12;[187, 185, 208, 232];person;270
1;[136, 508, 329, 601];car;271
2;[589, 642, 807, 719];car;271
3;[411, 609, 652, 714];car;271
4;[897, 328, 974, 396];car;271
5;[1218, 395, 1277, 453];car;271
6;[73, 402, 161, 463];motorbike;271
7;[166, 311, 274, 372];car;271
8;[1237, 392, 1282, 455];car;271
12;[187, 185, 208, 233];person;271
1;[136, 509, 329, 601];car;272
2;[590, 642, 806, 719];car;272
3;[410, 609, 653, 714];car;272
4;[893, 327, 972, 396];car;272
6;[73, 402, 161, 463];motorbike;272
7;[170, 312, 281, 375];car;272
8;[1238, 392, 1282, 456];car;272
12;[188, 185, 208, 233];person;272
1;[136, 509, 329, 602];car;273
2;[590, 643, 806, 719];car;273
3;[410, 609, 652, 714];car;273
4;[892, 327, 972, 396];car;273
5;[1218, 396, 1276, 453];car;273
6;[72, 402, 161, 464];motorbike;273
7;[173, 312, 286, 377];car;273
8;[1238, 392, 1282, 456];car;273
1;[136, 509, 329, 602];car;274
2;[590, 643, 806, 718];car;274
3;[410, 609, 652, 714];car;274
4;[891, 327, 972, 396];car;274
5;[1218, 397, 1276, 453];car;274
6;[72, 402, 161, 464];motorbike;274
7;[176, 314, 289, 379];car;274
8;[1238, 392, 1281, 456];car;274
1;[137, 510, 328, 602];car;275
2;[589, 643, 807, 719];car;275
3;[410, 609, 652, 714];car;275
4;[891, 326, 972, 396];car;275
6;[72, 402, 161, 464];motorbike;275
7;[179, 314, 293, 381];car;275
8;[1238, 392, 1281, 456];car;275
1;[137, 510, 328, 602];car;276
2;[589, 643, 807, 719];car;276
3;[410, 609, 652, 715];car;276
4;[891, 327, 972, 396];car;276
6;[72, 402, 160, 464];motorbike;276
7;[183, 315, 298, 383];car;276
8;[1233, 392, 1277, 455];car;276
14;[199, 313, 277, 382];car;276
1;[136, 510, 329, 602];car;277
2;[589, 643, 807, 719];car;277
3;[411, 609, 651, 715];car;277
4;[891, 327, 972, 396];car;277
6;[73, 402, 161, 464];motorbike;277
7;[193, 317, 305, 384];car;277
8;[1230, 392, 1275, 455];car;277
14;[204, 315, 283, 384];car;277
1;[135, 510, 329, 602];car;278
2;[589, 643, 807, 719];car;278
3;[411, 610, 651, 715];car;278
4;[890, 327, 972, 396];car;278
6;[73, 402, 162, 464];motorbike;278
7;[198, 318, 310, 386];car;278
8;[1229, 392, 1275, 455];car;278
1;[135, 510, 329, 603];car;279
2;[589, 643, 807, 719];car;279
3;[410, 610, 651, 715];car;279
4;[891, 328, 972, 396];car;279
6;[73, 402, 162, 464];motorbike;279
7;[201, 320, 312, 388];car;279
8;[1228, 392, 1274, 454];car;279
1;[134, 510, 330, 603];car;280
2;[590, 643, 806, 719];car;280
3;[410, 609, 652, 715];car;280
4;[897, 330, 975, 396];car;280
6;[72, 401, 163, 464];motorbike;280
7;[207, 322, 317, 389];car;280
8;[1227, 393, 1274, 454];car;280
1;[135, 510, 329, 603];car;281
2;[590, 643, 807, 719];car;281
3;[409, 609, 652, 715];car;281
4;[893, 328, 973, 396];car;281
6;[72, 400, 163, 464];motorbike;281
7;[214, 323, 321, 389];car;281
8;[1227, 391, 1275, 454];car;281
1;[135, 509, 329, 603];car;282
2;[589, 643, 807, 719];car;282
3;[409, 609, 652, 715];car;282
4;[891, 327, 973, 396];car;282
6;[71, 398, 164, 464];motorbike;282
7;[224, 324, 330, 389];car;282
8;[1227, 391, 1276, 454];car;282
1;[136, 509, 330, 602];car;283
2;[589, 643, 807, 719];car;283
3;[409, 609, 652, 715];car;283
4;[891, 327, 972, 395];car;283
6;[73, 400, 163, 463];motorbike;283
7;[231, 325, 334, 389];car;283
8;[1227, 390, 1277, 454];car;283
1;[136, 509, 329, 602];car;284
2;[589, 643, 807, 719];car;284
3;[411, 609, 650, 714];car;284
4;[891, 327, 972, 395];car;284
6;[72, 399, 163, 463];motorbike;284
7;[249, 335, 342, 390];car;284
8;[1226, 390, 1277, 454];car;284
1;[136, 509, 329, 602];car;285
2;[589, 643, 807, 719];car;285
3;[411, 609, 650, 714];car;285
4;[890, 327, 972, 395];car;285
6;[72, 399, 162, 463];motorbike;285
7;[256, 339, 348, 391];car;285
8;[1226, 390, 1277, 454];car;285
1;[135, 509, 329, 602];car;286
2;[589, 643, 807, 719];car;286
3;[411, 609, 650, 714];car;286
4;[890, 327, 972, 395];car;286
6;[72, 399, 163, 463];motorbike;286
7;[255, 337, 359, 395];car;286
8;[1226, 390, 1278, 454];car;286
1;[136, 509, 329, 602];car;287
2;[589, 643, 807, 719];car;287
3;[411, 609, 650, 713];car;287
4;[889, 326, 972, 395];car;287
6;[72, 400, 162, 463];motorbike;287
7;[256, 335, 368, 399];car;287
8;[1226, 390, 1278, 454];car;287
1;[136, 509, 329, 601];car;288
2;[589, 643, 807, 719];car;288
3;[411, 609, 651, 713];car;288
4;[898, 330, 976, 395];car;288
6;[72, 399, 162, 463];motorbike;288
7;[260, 336, 374, 400];car;288
8;[1231, 390, 1282, 454];car;288
1;[136, 509, 329, 601];car;289
2;[588, 642, 809, 719];car;289
3;[411, 609, 651, 713];car;289
4;[898, 329, 977, 395];car;289
6;[72, 399, 163, 464];motorbike;289
7;[266, 335, 385, 402];car;289
8;[1234, 391, 1283, 454];car;289
1;[136, 506, 330, 600];car;290
2;[588, 642, 809, 718];car;290
3;[411, 608, 652, 713];car;290
4;[898, 329, 976, 394];car;290
6;[71, 399, 162, 464];motorbike;290
7;[274, 335, 394, 404];car;290
8;[1235, 391, 1284, 454];car;290
1;[135, 505, 330, 599];car;291
2;[587, 641, 809, 719];car;291
3;[411, 608, 652, 713];car;291
4;[900, 329, 976, 394];car;291
5;[1219, 394, 1279, 453];car;291
6;[73, 399, 162, 462];motorbike;291
7;[281, 336, 398, 404];car;291
8;[1236, 391, 1284, 454];car;291
1;[134, 504, 330, 598];car;292
2;[586, 641, 809, 719];car;292
3;[410, 607, 651, 712];car;292
4;[901, 329, 976, 394];car;292
5;[1221, 392, 1281, 452];car;292
6;[72, 399, 160, 462];motorbike;292
7;[288, 337, 406, 405];car;292
1;[134, 504, 330, 598];car;293
2;[587, 641, 808, 719];car;293
3;[409, 607, 650, 712];car;293
4;[893, 327, 972, 394];car;293
5;[1221, 391, 1281, 452];car;293
6;[71, 398, 160, 462];motorbike;293
7;[289, 339, 409, 407];car;293
8;[1236, 392, 1283, 455];car;293
1;[134, 504, 329, 598];car;294
2;[586, 641, 808, 719];car;294
3;[409, 607, 650, 712];car;294
4;[891, 323, 972, 393];car;294
6;[71, 397, 160, 461];motorbike;294
7;[289, 339, 412, 408];car;294
8;[1236, 392, 1283, 455];car;294
1;[134, 504, 329, 598];car;295
2;[585, 641, 808, 718];car;295
3;[408, 607, 650, 712];car;295
4;[890, 322, 972, 393];car;295
6;[70, 395, 162, 461];motorbike;295
7;[291, 340, 416, 409];car;295
8;[1236, 392, 1282, 455];car;295
1;[134, 504, 330, 598];car;296
2;[586, 640, 808, 719];car;296
3;[409, 607, 651, 712];car;296
4;[889, 321, 972, 392];car;296
6;[70, 395, 163, 461];motorbike;296
7;[297, 341, 422, 410];car;296
8;[1231, 391, 1278, 453];car;296
1;[135, 504, 329, 598];car;297
2;[586, 640, 808, 718];car;297
3;[410, 607, 651, 712];car;297
4;[898, 327, 974, 393];car;297
6;[70, 393, 165, 462];motorbike;297
7;[304, 342, 431, 411];car;297
8;[1234, 391, 1281, 453];car;297
1;[134, 504, 330, 598];car;298
2;[587, 640, 808, 719];car;298
3;[410, 607, 651, 712];car;298
4;[901, 329, 975, 393];car;298
6;[70, 392, 166, 462];motorbike;298
7;[311, 343, 440, 413];car;298
8;[1236, 391, 1282, 453];car;298
1;[135, 504, 330, 598];car;299
2;[588, 641, 807, 719];car;299
3;[410, 607, 651, 712];car;299
4;[902, 329, 975, 394];car;299
5;[1221, 394, 1279, 452];car;299
6;[71, 396, 163, 462];motorbike;299
7;[315, 345, 446, 416];car;299
8;[1236, 390, 1282, 453];car;299
1;[135, 504, 331, 598];car;300
2;[588, 641, 807, 718];car;300
3;[410, 607, 651, 712];car;300
4;[902, 330, 975, 394];car;300
5;[1221, 394, 1279, 452];car;300
6;[71, 395, 163, 462];motorbike;300
7;[321, 346, 454, 418];car;300
1;[135, 504, 330, 598];car;301
2;[588, 641, 807, 719];car;301
3;[410, 607, 651, 712];car;301
4;[903, 330, 974, 394];car;301
5;[1220, 395, 1278, 452];car;301
6;[73, 398, 160, 462];motorbike;301
7;[330, 347, 463, 419];car;301
1;[135, 504, 330, 598];car;302
2;[588, 641, 807, 719];car;302
3;[409, 607, 652, 713];car;302
4;[903, 331, 974, 394];car;302
5;[1221, 393, 1280, 452];car;302
6;[73, 399, 160, 462];motorbike;302
7;[337, 348, 470, 421];car;302
1;[135, 504, 330, 598];car;303
2;[588, 642, 807, 718];car;303
3;[410, 607, 651, 713];car;303
5;[1221, 394, 1279, 452];car;303
6;[72, 397, 162, 462];motorbike;303
7;[346, 350, 478, 421];car;303
1;[135, 504, 331, 598];car;304
2;[588, 642, 807, 719];car;304
3;[411, 607, 651, 713];car;304
5;[1221, 394, 1280, 452];car;304
6;[73, 397, 162, 462];motorbike;304
7;[354, 353, 484, 423];car;304
8;[1237, 391, 1282, 454];car;304
1;[135, 504, 331, 598];car;305
2;[588, 642, 807, 719];car;305
3;[410, 607, 651, 713];car;305
5;[1221, 394, 1279, 452];car;305
6;[72, 397, 162, 462];motorbike;305
7;[361, 354, 490, 425];car;305
8;[1237, 391, 1282, 454];car;305
1;[135, 504, 331, 598];car;306
2;[588, 642, 807, 719];car;306
3;[410, 607, 651, 712];car;306
5;[1221, 394, 1279, 452];car;306
6;[72, 397, 162, 463];motorbike;306
7;[367, 356, 495, 426];car;306
8;[1237, 392, 1281, 454];car;306
1;[135, 504, 331, 598];car;307
2;[588, 642, 807, 719];car;307
3;[411, 607, 651, 712];car;307
6;[72, 397, 161, 463];motorbike;307
7;[374, 358, 502, 428];car;307
8;[1237, 392, 1281, 455];car;307
1;[135, 504, 331, 598];car;308
2;[588, 642, 807, 719];car;308
3;[411, 607, 651, 712];car;308
6;[72, 397, 162, 463];motorbike;308
7;[379, 359, 510, 430];car;308
8;[1237, 392, 1281, 455];car;308
1;[135, 504, 331, 598];car;309
2;[588, 642, 808, 719];car;309
3;[411, 607, 651, 712];car;309
6;[72, 397, 162, 463];motorbike;309
7;[386, 360, 516, 432];car;309
8;[1238, 392, 1281, 455];car;309
1;[135, 504, 331, 598];car;310
2;[588, 642, 808, 719];car;310
3;[412, 608, 650, 712];car;310
6;[71, 397, 161, 463];motorbike;310
7;[392, 362, 523, 433];car;310
8;[1238, 392, 1281, 455];car;310
1;[135, 504, 330, 598];car;311
2;[588, 642, 807, 718];car;311
3;[412, 608, 650, 712];car;311
4;[900, 329, 974, 393];car;311
6;[72, 397, 161, 463];motorbike;311
7;[399, 364, 529, 435];car;311
8;[1238, 391, 1281, 455];car;311
1;[135, 504, 330, 598];car;312
2;[588, 642, 807, 718];car;312
3;[412, 608, 650, 712];car;312
4;[900, 329, 974, 393];car;312
6;[72, 397, 161, 463];motorbike;312
7;[406, 365, 536, 436];car;312
8;[1238, 391, 1281, 455];car;312
1;[136, 507, 330, 600];car;313
2;[588, 642, 807, 719];car;313
3;[411, 608, 651, 712];car;313
4;[900, 328, 974, 393];car;313
6;[72, 398, 161, 463];motorbike;313
7;[412, 367, 543, 438];car;313
8;[1238, 391, 1281, 455];car;313
1;[136, 507, 330, 601];car;314
2;[588, 642, 807, 719];car;314
3;[411, 608, 651, 712];car;314
4;[901, 329, 974, 393];car;314
5;[1221, 395, 1279, 452];car;314
6;[73, 398, 161, 463];motorbike;314
7;[419, 368, 551, 440];car;314
8;[1239, 391, 1281, 455];car;314
1;[136, 508, 330, 601];car;315
2;[588, 642, 807, 719];car;315
3;[411, 608, 651, 712];car;315
4;[902, 329, 974, 393];car;315
5;[1222, 393, 1281, 452];car;315
6;[73, 399, 161, 463];motorbike;315
7;[424, 368, 561, 444];car;315
1;[136, 508, 330, 602];car;316
2;[588, 642, 808, 719];car;316
3;[411, 608, 651, 712];car;316
4;[902, 329, 974, 394];car;316
5;[1222, 394, 1279, 452];car;316
6;[73, 398, 161, 463];motorbike;316
7;[430, 370, 568, 445];car;316
1;[136, 508, 330, 602];car;317
2;[588, 642, 808, 718];car;317
3;[412, 608, 650, 712];car;317
4;[900, 328, 975, 394];car;317
5;[1221, 395, 1279, 452];car;317
6;[73, 399, 160, 463];motorbike;317
7;[437, 372, 575, 447];car;317
1;[136, 508, 330, 602];car;318
2;[588, 642, 808, 719];car;318
3;[412, 608, 650, 712];car;318
4;[900, 328, 975, 394];car;318
5;[1221, 395, 1280, 453];car;318
6;[73, 399, 161, 463];motorbike;318
7;[443, 373, 582, 449];car;318
1;[136, 508, 330, 602];car;319
2;[588, 642, 808, 719];car;319
3;[412, 608, 650, 712];car;319
4;[899, 328, 975, 395];car;319
5;[1222, 393, 1281, 453];car;319
6;[73, 399, 160, 463];motorbike;319
7;[452, 375, 587, 449];car;319
1;[137, 509, 329, 602];car;320
2;[588, 642, 808, 719];car;320
3;[412, 609, 650, 712];car;320
4;[899, 328, 975, 395];car;320
5;[1222, 392, 1282, 453];car;320
6;[72, 399, 160, 463];motorbike;320
7;[459, 377, 594, 450];car;320
1;[137, 509, 329, 602];car;321
2;[588, 642, 808, 718];car;321
3;[412, 609, 650, 712];car;321
4;[900, 328, 974, 394];car;321
5;[1222, 393, 1279, 453];car;321
6;[73, 399, 160, 463];motorbike;321
7;[465, 378, 601, 453];car;321
1;[137, 509, 329, 602];car;322
2;[588, 642, 808, 719];car;322
3;[412, 609, 650, 712];car;322
4;[900, 328, 974, 394];car;322
5;[1222, 395, 1279, 453];car;322
6;[72, 399, 160, 463];motorbike;322
7;[471, 380, 608, 455];car;322
1;[137, 509, 329, 602];car;323
2;[588, 642, 808, 719];car;323
3;[412, 609, 650, 712];car;323
4;[901, 329, 975, 394];car;323
5;[1222, 395, 1278, 453];car;323
6;[72, 399, 160, 463];motorbike;323
7;[478, 382, 616, 456];car;323
12;[181, 179, 201, 226];person;323
1;[136, 508, 330, 602];car;324
2;[588, 642, 808, 719];car;324
3;[412, 609, 650, 712];car;324
4;[900, 329, 974, 394];car;324
5;[1222, 395, 1278, 452];car;324
6;[73, 399, 160, 463];motorbike;324
7;[484, 383, 622, 458];car;324
8;[1238, 392, 1280, 455];car;324
12;[180, 178, 200, 225];person;324
1;[136, 508, 330, 602];car;325
2;[588, 642, 807, 719];car;325
3;[412, 609, 650, 712];car;325
4;[901, 329, 975, 394];car;325
6;[72, 398, 162, 463];motorbike;325
7;[491, 385, 631, 460];car;325
8;[1238, 393, 1280, 455];car;325
12;[180, 178, 200, 225];person;325
1;[136, 508, 330, 602];car;326
2;[588, 642, 807, 718];car;326
3;[412, 609, 650, 712];car;326
4;[901, 329, 975, 394];car;326
6;[72, 397, 162, 463];motorbike;326
7;[498, 386, 640, 462];car;326
8;[1238, 392, 1280, 455];car;326
12;[179, 178, 200, 225];person;326
1;[136, 508, 330, 602];car;327
2;[588, 642, 807, 719];car;327
3;[412, 609, 650, 712];car;327
4;[901, 330, 974, 394];car;327
6;[72, 396, 163, 463];motorbike;327
7;[507, 388, 646, 464];car;327
8;[1238, 392, 1280, 455];car;327
1;[136, 508, 330, 602];car;328
2;[588, 642, 808, 719];car;328
3;[412, 609, 650, 712];car;328
4;[901, 330, 974, 395];car;328
6;[71, 396, 162, 464];motorbike;328
7;[513, 389, 653, 465];car;328
8;[1238, 392, 1280, 455];car;328
12;[179, 178, 200, 225];person;328
1;[137, 508, 329, 602];car;329
2;[588, 642, 807, 718];car;329
3;[411, 609, 651, 713];car;329
4;[902, 330, 974, 394];car;329
5;[1222, 396, 1278, 452];car;329
6;[73, 398, 161, 463];motorbike;329
7;[521, 390, 662, 467];car;329
8;[1238, 391, 1280, 455];car;329
12;[178, 178, 200, 225];person;329
1;[137, 508, 329, 602];car;330
2;[588, 642, 808, 719];car;330
3;[411, 608, 652, 713];car;330
4;[902, 330, 974, 394];car;330
5;[1221, 396, 1278, 452];car;330
6;[73, 398, 161, 463];motorbike;330
7;[528, 392, 668, 468];car;330
12;[178, 178, 200, 225];person;330
1;[136, 508, 330, 602];car;331
2;[588, 642, 807, 718];car;331
3;[411, 608, 652, 713];car;331
4;[902, 330, 973, 394];car;331
5;[1221, 396, 1278, 452];car;331
6;[72, 396, 161, 463];motorbike;331
7;[533, 393, 676, 470];car;331
12;[177, 177, 198, 223];person;331
1;[137, 508, 329, 602];car;332
2;[588, 642, 807, 719];car;332
3;[412, 608, 651, 713];car;332
4;[902, 330, 974, 393];car;332
5;[1222, 392, 1282, 453];car;332
6;[72, 396, 161, 462];motorbike;332
7;[541, 394, 683, 472];car;332
12;[177, 177, 197, 223];person;332
1;[137, 508, 329, 602];car;333
2;[588, 642, 807, 719];car;333
3;[412, 608, 651, 713];car;333
4;[902, 330, 974, 393];car;333
5;[1222, 391, 1283, 453];car;333
6;[73, 396, 161, 462];motorbike;333
7;[548, 395, 691, 473];car;333
1;[137, 509, 329, 602];car;334
2;[588, 642, 807, 719];car;334
3;[412, 608, 651, 712];car;334
4;[902, 329, 974, 393];car;334
5;[1222, 391, 1283, 453];car;334
6;[73, 396, 162, 462];motorbike;334
7;[554, 396, 699, 475];car;334
1;[136, 506, 330, 600];car;335
2;[588, 642, 807, 719];car;335
3;[412, 608, 651, 712];car;335
4;[902, 329, 974, 393];car;335
5;[1223, 390, 1283, 454];car;335
6;[73, 396, 162, 462];motorbike;335
7;[562, 398, 706, 477];car;335
1;[135, 505, 329, 599];car;336
2;[587, 642, 807, 719];car;336
3;[412, 609, 651, 712];car;336
4;[903, 329, 973, 393];car;336
5;[1223, 390, 1282, 454];car;336
6;[73, 396, 162, 462];motorbike;336
7;[569, 400, 714, 478];car;336
1;[135, 505, 329, 599];car;337
2;[588, 642, 807, 719];car;337
3;[412, 609, 651, 712];car;337
4;[903, 329, 973, 393];car;337
5;[1222, 390, 1281, 454];car;337
6;[73, 395, 162, 462];motorbike;337
7;[577, 401, 721, 479];car;337
1;[135, 504, 330, 598];car;338
2;[587, 642, 807, 719];car;338
3;[411, 609, 651, 712];car;338
4;[903, 329, 973, 393];car;338
5;[1223, 391, 1281, 453];car;338
6;[73, 396, 162, 462];motorbike;338
7;[585, 403, 726, 479];car;338
1;[135, 504, 330, 598];car;339
2;[587, 642, 807, 719];car;339
3;[412, 609, 651, 712];car;339
4;[903, 330, 973, 393];car;339
5;[1223, 391, 1280, 453];car;339
6;[73, 396, 162, 462];motorbike;339
7;[592, 405, 735, 482];car;339
1;[135, 504, 330, 598];car;340
2;[588, 642, 807, 718];car;340
3;[411, 609, 651, 712];car;340
4;[903, 330, 973, 393];car;340
5;[1223, 391, 1280, 453];car;340
6;[73, 396, 161, 462];motorbike;340
7;[598, 406, 744, 484];car;340
1;[135, 504, 330, 598];car;341
2;[588, 642, 807, 718];car;341
3;[411, 609, 651, 712];car;341
4;[904, 330, 972, 393];car;341
5;[1223, 391, 1280, 452];car;341
6;[73, 396, 161, 462];motorbike;341
7;[606, 407, 751, 486];car;341
1;[135, 504, 330, 598];car;342
2;[588, 642, 807, 719];car;342
3;[410, 608, 652, 712];car;342
4;[904, 330, 972, 393];car;342
5;[1223, 391, 1280, 452];car;342
6;[73, 396, 161, 462];motorbike;342
7;[614, 410, 758, 487];car;342
1;[134, 504, 330, 598];car;343
2;[588, 642, 807, 718];car;343
3;[410, 608, 652, 712];car;343
4;[904, 331, 972, 392];car;343
5;[1223, 391, 1280, 452];car;343
6;[73, 396, 161, 462];motorbike;343
7;[622, 412, 765, 489];car;343
1;[135, 504, 330, 598];car;344
2;[588, 642, 807, 719];car;344
3;[410, 608, 652, 712];car;344
4;[904, 331, 972, 392];car;344
5;[1229, 391, 1285, 453];car;344
6;[74, 396, 161, 462];motorbike;344
7;[629, 413, 774, 490];car;344
1;[135, 504, 330, 598];car;345
2;[588, 642, 807, 719];car;345
3;[410, 607, 651, 712];car;345
4;[904, 331, 972, 392];car;345
5;[1232, 391, 1286, 453];car;345
6;[74, 396, 161, 462];motorbike;345
7;[635, 414, 782, 492];car;345
1;[135, 504, 330, 598];car;346
2;[588, 642, 807, 719];car;346
3;[410, 607, 652, 712];car;346
4;[904, 331, 972, 392];car;346
5;[1233, 391, 1286, 454];car;346
6;[74, 396, 161, 461];motorbike;346
7;[643, 415, 791, 494];car;346
1;[135, 504, 329, 598];car;347
2;[587, 641, 808, 718];car;347
3;[410, 607, 652, 712];car;347
4;[904, 331, 972, 392];car;347
5;[1234, 391, 1286, 454];car;347
6;[74, 396, 161, 461];motorbike;347
7;[651, 416, 800, 495];car;347
1;[135, 504, 329, 598];car;348
2;[587, 641, 808, 719];car;348
3;[411, 608, 651, 712];car;348
4;[904, 331, 972, 392];car;348
5;[1234, 390, 1286, 454];car;348
6;[73, 396, 162, 462];motorbike;348
7;[658, 417, 809, 497];car;348
1;[135, 504, 329, 598];car;349
2;[587, 640, 808, 719];car;349
3;[411, 608, 651, 712];car;349
4;[903, 330, 973, 393];car;349
5;[1235, 390, 1285, 454];car;349
6;[72, 396, 162, 462];motorbike;349
7;[666, 418, 817, 499];car;349
1;[135, 504, 329, 598];car;350
2;[587, 640, 808, 719];car;350
3;[410, 608, 651, 712];car;350
4;[903, 330, 973, 393];car;350
5;[1236, 390, 1285, 454];car;350
6;[72, 395, 163, 462];motorbike;350
7;[675, 420, 825, 500];car;350
1;[135, 504, 329, 597];car;351
2;[587, 640, 807, 719];car;351
3;[410, 608, 652, 712];car;351
4;[903, 330, 973, 393];car;351
5;[1236, 390, 1285, 454];car;351
6;[71, 394, 164, 462];motorbike;351
7;[683, 422, 833, 502];car;351
1;[135, 504, 330, 598];car;352
2;[587, 640, 807, 719];car;352
3;[410, 608, 652, 712];car;352
4;[903, 330, 972, 394];car;352
5;[1230, 390, 1279, 453];car;352
6;[71, 394, 164, 463];motorbike;352
7;[692, 423, 844, 504];car;352
1;[135, 504, 330, 598];car;353
2;[588, 641, 806, 718];car;353
3;[410, 607, 652, 712];car;353
4;[903, 331, 973, 394];car;353
5;[1228, 390, 1277, 453];car;353
6;[72, 393, 165, 463];motorbike;353
7;[700, 424, 852, 506];car;353
1;[135, 504, 330, 598];car;354
2;[588, 641, 806, 719];car;354
3;[411, 608, 651, 712];car;354
4;[903, 331, 973, 394];car;354
5;[1227, 390, 1277, 453];car;354
6;[72, 393, 164, 463];motorbike;354
7;[709, 426, 860, 507];car;354
1;[135, 504, 330, 598];car;355
2;[588, 641, 806, 719];car;355
3;[411, 608, 650, 712];car;355
4;[903, 331, 973, 394];car;355
5;[1226, 390, 1277, 453];car;355
6;[72, 393, 164, 463];motorbike;355
7;[717, 428, 869, 508];car;355
1;[135, 504, 330, 598];car;356
2;[588, 641, 807, 719];car;356
3;[411, 608, 650, 712];car;356
4;[903, 331, 973, 394];car;356
5;[1226, 390, 1277, 453];car;356
6;[72, 393, 164, 463];motorbike;356
7;[728, 431, 877, 510];car;356
1;[135, 504, 330, 598];car;357
2;[587, 641, 807, 719];car;357
3;[412, 609, 650, 712];car;357
4;[903, 331, 973, 394];car;357
5;[1226, 391, 1277, 453];car;357
6;[72, 392, 164, 463];motorbike;357
7;[736, 432, 885, 512];car;357
1;[135, 504, 330, 599];car;358
2;[589, 641, 807, 719];car;358
3;[411, 609, 651, 713];car;358
4;[903, 331, 973, 394];car;358
5;[1226, 391, 1278, 453];car;358
6;[72, 393, 164, 463];motorbike;358
7;[743, 434, 895, 514];car;358
1;[135, 504, 331, 599];car;359
2;[589, 641, 807, 719];car;359
3;[411, 608, 652, 713];car;359
4;[902, 330, 973, 394];car;359
5;[1226, 393, 1276, 453];car;359
6;[73, 395, 162, 463];motorbike;359
7;[750, 435, 903, 516];car;359
1;[135, 504, 331, 599];car;360
2;[589, 641, 807, 719];car;360
3;[411, 608, 652, 713];car;360
4;[902, 330, 973, 394];car;360
5;[1226, 392, 1277, 453];car;360
6;[73, 395, 162, 463];motorbike;360
7;[757, 435, 911, 517];car;360
1;[135, 504, 331, 599];car;361
2;[588, 641, 808, 719];car;361
3;[412, 608, 651, 713];car;361
4;[903, 330, 973, 394];car;361
5;[1226, 392, 1278, 453];car;361
6;[73, 396, 161, 463];motorbike;361
7;[766, 437, 920, 518];car;361
1;[135, 504, 331, 599];car;362
2;[589, 641, 807, 719];car;362
3;[412, 608, 651, 713];car;362
4;[902, 329, 973, 394];car;362
5;[1226, 392, 1278, 452];car;362
6;[73, 396, 161, 463];motorbike;362
7;[775, 438, 931, 520];car;362
1;[135, 504, 331, 599];car;363
2;[588, 641, 807, 719];car;363
3;[412, 608, 651, 713];car;363
4;[903, 329, 973, 394];car;363
5;[1225, 391, 1279, 452];car;363
6;[73, 396, 161, 463];motorbike;363
7;[784, 439, 939, 522];car;363
1;[135, 504, 331, 599];car;364
2;[588, 641, 807, 719];car;364
3;[412, 609, 651, 712];car;364
4;[902, 329, 973, 394];car;364
5;[1225, 391, 1279, 452];car;364
6;[73, 396, 161, 463];motorbike;364
7;[791, 441, 946, 523];car;364
1;[134, 504, 331, 599];car;365
2;[588, 642, 807, 719];car;365
3;[411, 609, 651, 712];car;365
4;[902, 329, 973, 394];car;365
5;[1225, 391, 1279, 452];car;365
6;[72, 395, 162, 463];motorbike;365
7;[799, 442, 954, 524];car;365
1;[134, 504, 331, 599];car;366
2;[589, 642, 807, 719];car;366
3;[410, 608, 651, 712];car;366
4;[903, 330, 972, 394];car;366
5;[1225, 391, 1278, 452];car;366
6;[71, 394, 162, 463];motorbike;366
7;[807, 444, 961, 525];car;366
1;[134, 504, 331, 599];car;367
2;[588, 642, 807, 719];car;367
3;[409, 608, 652, 713];car;367
4;[903, 330, 972, 393];car;367
5;[1225, 391, 1278, 452];car;367
6;[71, 394, 162, 463];motorbike;367
7;[814, 445, 969, 526];car;367
1;[134, 504, 331, 599];car;368
2;[588, 642, 807, 718];car;368
3;[411, 608, 651, 713];car;368
4;[903, 330, 972, 393];car;368
5;[1225, 391, 1279, 452];car;368
6;[71, 393, 162, 463];motorbike;368
7;[820, 446, 978, 529];car;368
1;[134, 504, 331, 599];car;369
2;[587, 641, 808, 719];car;369
3;[411, 608, 651, 713];car;369
4;[903, 330, 973, 393];car;369
5;[1225, 391, 1279, 452];car;369
6;[72, 393, 163, 463];motorbike;369
7;[828, 446, 989, 531];car;369
1;[135, 506, 330, 600];car;370
2;[587, 641, 808, 718];car;370
3;[411, 608, 651, 713];car;370
4;[903, 330, 973, 393];car;370
5;[1230, 392, 1283, 453];car;370
6;[72, 393, 163, 463];motorbike;370
7;[837, 447, 998, 533];car;370
1;[134, 505, 330, 599];car;371
2;[587, 641, 808, 719];car;371
3;[410, 608, 652, 713];car;371
4;[903, 330, 972, 393];car;371
5;[1233, 392, 1285, 453];car;371
6;[72, 393, 164, 463];motorbike;371
7;[845, 449, 1005, 534];car;371
1;[134, 505, 330, 599];car;372
2;[587, 640, 808, 719];car;372
3;[410, 608, 652, 713];car;372
4;[903, 330, 973, 393];car;372
5;[1228, 392, 1280, 452];car;372
6;[73, 393, 164, 463];motorbike;372
7;[853, 452, 1011, 536];car;372
1;[134, 505, 330, 599];car;373
2;[588, 641, 807, 719];car;373
3;[410, 607, 652, 713];car;373
4;[903, 330, 973, 393];car;373
5;[1232, 392, 1283, 453];car;373
6;[74, 395, 163, 462];motorbike;373
7;[860, 453, 1020, 537];car;373
1;[134, 505, 330, 599];car;374
2;[587, 641, 808, 719];car;374
3;[410, 607, 652, 713];car;374
4;[903, 331, 973, 393];car;374
5;[1234, 392, 1284, 453];car;374
6;[74, 395, 163, 462];motorbike;374
7;[869, 454, 1030, 539];car;374
1;[134, 504, 330, 598];car;375
2;[587, 641, 808, 718];car;375
3;[410, 607, 652, 713];car;375
4;[903, 331, 973, 393];car;375
5;[1235, 392, 1284, 453];car;375
6;[74, 395, 163, 462];motorbike;375
7;[879, 457, 1038, 540];car;375
1;[134, 504, 330, 598];car;376
2;[587, 641, 808, 719];car;376
3;[410, 607, 652, 712];car;376
4;[903, 331, 973, 393];car;376
5;[1230, 392, 1279, 452];car;376
6;[72, 394, 163, 462];motorbike;376
7;[887, 458, 1049, 543];car;376
1;[135, 504, 330, 598];car;377
2;[587, 640, 808, 719];car;377
3;[410, 607, 652, 712];car;377
4;[903, 331, 973, 393];car;377
5;[1234, 392, 1282, 453];car;377
6;[72, 394, 163, 462];motorbike;377
7;[895, 459, 1058, 545];car;377
1;[134, 504, 330, 598];car;378
2;[587, 640, 808, 719];car;378
3;[410, 607, 652, 712];car;378
4;[903, 331, 973, 393];car;378
5;[1235, 392, 1283, 453];car;378
6;[71, 394, 163, 462];motorbike;378
7;[903, 461, 1063, 546];car;378
1;[134, 504, 330, 598];car;379
2;[587, 640, 808, 719];car;379
3;[410, 607, 652, 712];car;379
4;[903, 331, 973, 393];car;379
5;[1236, 392, 1283, 453];car;379
6;[72, 396, 161, 462];motorbike;379
7;[909, 463, 1071, 548];car;379
1;[134, 504, 330, 598];car;380
2;[587, 640, 808, 719];car;380
3;[411, 608, 651, 712];car;380
4;[904, 331, 973, 393];car;380
5;[1236, 392, 1283, 454];car;380
6;[71, 395, 162, 463];motorbike;380
7;[918, 464, 1080, 549];car;380
1;[134, 504, 330, 598];car;381
2;[587, 640, 808, 719];car;381
3;[411, 608, 651, 712];car;381
4;[904, 331, 973, 393];car;381
5;[1237, 392, 1283, 454];car;381
6;[71, 395, 162, 463];motorbike;381
7;[928, 465, 1090, 550];car;381
1;[134, 504, 330, 598];car;382
2;[587, 640, 808, 719];car;382
3;[410, 608, 652, 712];car;382
4;[904, 331, 973, 393];car;382
5;[1237, 392, 1282, 454];car;382
6;[71, 395, 162, 463];motorbike;382
7;[936, 466, 1098, 551];car;382
1;[134, 504, 330, 598];car;383
2;[587, 640, 808, 719];car;383
3;[411, 608, 651, 712];car;383
4;[903, 331, 973, 393];car;383
5;[1237, 392, 1282, 454];car;383
6;[71, 395, 163, 463];motorbike;383
7;[946, 469, 1106, 552];car;383
1;[134, 504, 330, 598];car;384
2;[587, 640, 808, 719];car;384
3;[410, 607, 651, 712];car;384
4;[903, 331, 973, 393];car;384
5;[1237, 392, 1282, 454];car;384
6;[72, 395, 162, 463];motorbike;384
7;[953, 468, 1118, 554];car;384
1;[135, 504, 330, 598];car;385
2;[588, 641, 807, 719];car;385
3;[410, 607, 651, 712];car;385
4;[904, 331, 973, 393];car;385
5;[1237, 392, 1281, 454];car;385
6;[71, 395, 162, 463];motorbike;385
7;[959, 470, 1126, 556];car;385
1;[135, 504, 330, 598];car;386
2;[588, 641, 807, 719];car;386
3;[411, 607, 652, 712];car;386
4;[904, 331, 973, 393];car;386
5;[1232, 392, 1277, 452];car;386
6;[71, 395, 162, 463];motorbike;386
7;[968, 473, 1133, 559];car;386
1;[135, 504, 330, 598];car;387
2;[589, 641, 807, 719];car;387
3;[412, 608, 651, 712];car;387
4;[903, 331, 973, 394];car;387
5;[1230, 391, 1276, 452];car;387
6;[71, 395, 162, 463];motorbike;387
7;[974, 475, 1140, 561];car;387
1;[135, 504, 330, 598];car;388
2;[589, 641, 807, 718];car;388
3;[412, 608, 651, 712];car;388
4;[903, 331, 973, 394];car;388
5;[1234, 391, 1280, 453];car;388
6;[71, 395, 162, 463];motorbike;388
7;[979, 475, 1149, 562];car;388
1;[136, 504, 331, 598];car;389
2;[589, 642, 807, 719];car;389
3;[411, 608, 652, 712];car;389
4;[902, 329, 973, 394];car;389
5;[1235, 391, 1281, 453];car;389
6;[73, 396, 162, 463];motorbike;389
7;[984, 477, 1155, 563];car;389
1;[135, 504, 331, 598];car;390
2;[589, 642, 807, 718];car;390
3;[411, 608, 652, 712];car;390
4;[900, 329, 974, 394];car;390
5;[1237, 391, 1282, 453];car;390
6;[73, 396, 161, 463];motorbike;390
7;[996, 487, 1153, 564];car;390
1;[135, 504, 330, 598];car;391
2;[587, 641, 807, 718];car;391
3;[411, 608, 652, 712];car;391
4;[902, 329, 974, 394];car;391
5;[1237, 391, 1282, 454];car;391
6;[73, 397, 162, 463];motorbike;391
7;[998, 490, 1155, 565];car;391
1;[135, 504, 330, 598];car;392
2;[588, 641, 807, 719];car;392
3;[411, 608, 652, 712];car;392
4;[902, 329, 974, 394];car;392
5;[1237, 391, 1282, 454];car;392
6;[73, 397, 161, 463];motorbike;392
7;[998, 492, 1159, 566];car;392
1;[135, 504, 330, 598];car;393
2;[588, 641, 807, 719];car;393
3;[411, 607, 652, 712];car;393
4;[902, 329, 974, 394];car;393
5;[1232, 390, 1277, 453];car;393
6;[72, 396, 162, 463];motorbike;393
7;[1000, 488, 1177, 569];car;393
1;[135, 504, 330, 598];car;394
2;[587, 641, 807, 719];car;394
3;[411, 607, 652, 712];car;394
4;[902, 329, 974, 394];car;394
5;[1235, 390, 1280, 453];car;394
6;[73, 397, 160, 462];motorbike;394
7;[1005, 483, 1194, 568];car;394
1;[135, 504, 330, 598];car;395
2;[588, 641, 807, 719];car;395
3;[411, 607, 652, 712];car;395
4;[902, 329, 973, 393];car;395
5;[1231, 390, 1277, 453];car;395
6;[73, 397, 161, 462];motorbike;395
7;[1023, 484, 1215, 571];car;395
1;[135, 504, 330, 598];car;396
2;[589, 641, 807, 719];car;396
3;[411, 607, 652, 712];car;396
4;[902, 329, 973, 393];car;396
5;[1229, 390, 1276, 453];car;396
6;[72, 396, 162, 462];motorbike;396
7;[1035, 485, 1229, 573];car;396
1;[136, 504, 330, 598];car;397
2;[589, 641, 807, 719];car;397
3;[411, 607, 652, 712];car;397
4;[902, 329, 973, 393];car;397
5;[1234, 390, 1280, 453];car;397
6;[73, 396, 162, 462];motorbike;397
7;[1044, 487, 1235, 575];car;397
1;[135, 504, 331, 598];car;398
2;[589, 642, 807, 718];car;398
3;[411, 608, 652, 712];car;398
4;[902, 329, 973, 393];car;398
5;[1234, 390, 1280, 453];car;398
6;[73, 396, 163, 462];motorbike;398
7;[1056, 491, 1241, 577];car;398
8;[1226, 395, 1273, 453];car;398
1;[135, 504, 331, 598];car;399
2;[589, 642, 807, 719];car;399
3;[412, 608, 651, 712];car;399
4;[902, 329, 973, 393];car;399
6;[73, 397, 162, 462];motorbike;399
7;[1067, 494, 1248, 578];car;399
8;[1224, 395, 1275, 452];car;399
16;[0, 115, 45, 155];car;399
1;[135, 504, 331, 598];car;400
2;[589, 642, 807, 719];car;400
3;[412, 608, 652, 712];car;400
4;[903, 330, 973, 393];car;400
6;[73, 397, 162, 463];motorbike;400
7;[1075, 493, 1256, 578];car;400
8;[1223, 395, 1276, 452];car;400
16;[1, 115, 44, 154];car;400
1;[135, 504, 331, 598];car;401
2;[589, 642, 807, 718];car;401
3;[412, 609, 652, 712];car;401
4;[903, 330, 973, 393];car;401
6;[73, 396, 163, 463];motorbike;401
7;[1081, 493, 1265, 580];car;401
8;[1223, 394, 1276, 452];car;401
16;[1, 115, 45, 153];car;401
1;[135, 504, 331, 598];car;402
2;[589, 642, 807, 718];car;402
3;[411, 608, 653, 712];car;402
4;[903, 331, 973, 393];car;402
5;[1236, 390, 1282, 454];car;402
6;[73, 396, 163, 463];motorbike;402
7;[1085, 492, 1274, 581];car;402
8;[1222, 394, 1276, 452];car;402
16;[1, 114, 45, 152];car;402
1;[136, 505, 330, 598];car;403
2;[588, 641, 808, 719];car;403
3;[411, 608, 653, 712];car;403
4;[903, 330, 973, 393];car;403
5;[1237, 390, 1282, 455];car;403
6;[73, 397, 162, 463];motorbike;403
7;[1091, 491, 1283, 583];car;403
16;[2, 114, 45, 152];car;403
1;[135, 505, 330, 598];car;404
2;[589, 641, 807, 719];car;404
3;[412, 608, 652, 712];car;404
4;[903, 330, 973, 393];car;404
5;[1237, 390, 1282, 455];car;404
6;[74, 398, 162, 463];motorbike;404
7;[1096, 492, 1287, 584];car;404
8;[1222, 394, 1277, 452];car;404
16;[4, 113, 46, 150];car;404
1;[135, 505, 330, 598];car;405
2;[589, 641, 807, 719];car;405
3;[412, 608, 652, 712];car;405
4;[902, 329, 973, 393];car;405
5;[1237, 390, 1282, 455];car;405
6;[74, 398, 161, 463];motorbike;405
7;[1103, 493, 1292, 585];car;405
8;[1222, 393, 1277, 452];car;405
16;[4, 113, 46, 148];car;405
1;[134, 505, 330, 598];car;406
2;[589, 641, 807, 719];car;406
3;[412, 608, 652, 712];car;406
4;[903, 329, 974, 393];car;406
5;[1237, 390, 1281, 455];car;406
6;[74, 399, 162, 463];motorbike;406
7;[1109, 493, 1296, 586];car;406
16;[5, 111, 48, 147];car;406
1;[134, 505, 331, 598];car;407
2;[589, 642, 807, 719];car;407
3;[411, 609, 652, 713];car;407
4;[902, 329, 974, 394];car;407
5;[1232, 390, 1277, 454];car;407
6;[74, 399, 162, 463];motorbike;407
7;[1115, 495, 1297, 587];car;407
16;[5, 110, 49, 146];car;407
1;[134, 504, 331, 598];car;408
2;[589, 642, 807, 719];car;408
3;[411, 609, 652, 713];car;408
4;[902, 329, 973, 394];car;408
5;[1230, 390, 1276, 454];car;408
6;[74, 399, 162, 463];motorbike;408
7;[1119, 495, 1299, 588];car;408
16;[5, 110, 50, 146];car;408
1;[135, 504, 331, 598];car;409
2;[589, 642, 807, 719];car;409
3;[411, 609, 651, 713];car;409
4;[902, 329, 973, 394];car;409
5;[1229, 390, 1276, 454];car;409
6;[74, 399, 162, 463];motorbike;409
7;[1123, 496, 1301, 590];car;409
16;[4, 109, 51, 146];car;409
1;[135, 504, 331, 599];car;410
2;[589, 642, 807, 719];car;410
3;[412, 609, 651, 713];car;410
4;[902, 329, 974, 394];car;410
5;[1228, 390, 1276, 454];car;410
6;[74, 399, 163, 463];motorbike;410
7;[1126, 497, 1300, 591];car;410
16;[3, 108, 51, 146];car;410
1;[135, 504, 331, 599];car;411
2;[589, 642, 807, 719];car;411
3;[412, 609, 651, 713];car;411
4;[902, 329, 973, 395];car;411
5;[1228, 390, 1276, 453];car;411
6;[74, 399, 163, 463];motorbike;411
7;[1128, 497, 1298, 591];car;411
16;[3, 108, 52, 146];car;411
1;[135, 504, 331, 599];car;412
2;[589, 642, 807, 719];car;412
3;[412, 609, 651, 713];car;412
4;[903, 329, 973, 395];car;412
5;[1227, 390, 1276, 453];car;412
6;[74, 399, 163, 463];motorbike;412
7;[1129, 497, 1297, 591];car;412
16;[3, 108, 52, 146];car;412
1;[135, 504, 331, 599];car;413
2;[589, 642, 807, 719];car;413
3;[412, 609, 651, 712];car;413
4;[903, 329, 973, 395];car;413
5;[1227, 390, 1277, 453];car;413
6;[74, 399, 163, 463];motorbike;413
7;[1130, 497, 1295, 591];car;413
16;[2, 108, 52, 146];car;413
1;[135, 504, 331, 599];car;414
2;[589, 642, 807, 719];car;414
3;[412, 609, 651, 712];car;414
4;[903, 329, 973, 395];car;414
5;[1227, 390, 1277, 453];car;414
6;[74, 399, 163, 463];motorbike;414
7;[1131, 497, 1293, 591];car;414
16;[2, 108, 52, 146];car;414
1;[135, 504, 331, 599];car;415
2;[589, 642, 807, 719];car;415
3;[412, 609, 651, 712];car;415
4;[903, 329, 973, 395];car;415
5;[1226, 390, 1277, 453];car;415
6;[74, 399, 163, 463];motorbike;415
7;[1132, 497, 1292, 591];car;415
16;[2, 108, 52, 146];car;415
1;[135, 504, 331, 599];car;416
2;[589, 642, 807, 719];car;416
3;[412, 609, 651, 712];car;416
4;[903, 329, 973, 395];car;416
5;[1226, 390, 1277, 453];car;416
6;[74, 399, 163, 463];motorbike;416
7;[1133, 497, 1290, 591];car;416
16;[2, 108, 52, 146];car;416
1;[135, 504, 331, 599];car;417
2;[589, 642, 807, 719];car;417
3;[412, 609, 651, 712];car;417
4;[903, 329, 973, 395];car;417
5;[1226, 390, 1278, 453];car;417
6;[74, 399, 163, 463];motorbike;417
7;[1134, 497, 1289, 591];car;417
16;[2, 108, 52, 146];car;417
1;[135, 504, 331, 599];car;418
2;[589, 642, 807, 718];car;418
3;[412, 609, 651, 712];car;418
4;[903, 329, 973, 395];car;418
5;[1226, 390, 1278, 453];car;418
6;[74, 399, 163, 463];motorbike;418
7;[1135, 497, 1288, 591];car;418
16;[2, 108, 53, 146];car;418
1;[135, 504, 331, 599];car;419
2;[589, 642, 807, 718];car;419
3;[412, 609, 651, 712];car;419
4;[903, 329, 973, 395];car;419
5;[1226, 390, 1278, 453];car;419
6;[74, 399, 163, 463];motorbike;419
7;[1135, 497, 1287, 591];car;419
16;[2, 108, 53, 146];car;419
1;[135, 504, 331, 599];car;420
2;[589, 642, 807, 719];car;420
3;[412, 609, 651, 712];car;420
4;[903, 329, 973, 395];car;420
5;[1226, 390, 1278, 453];car;420
6;[74, 399, 163, 463];motorbike;420
7;[1136, 497, 1286, 591];car;420
16;[1, 108, 53, 146];car;420
